user_id,country,age_band,employment_status,employment_type,industry,years_in_current_role,monthly_net_income_eur,income_stability_1_5,household_size,dependents,housing_status,monthly_housing_cost_eur,liquid_savings_eur,emergency_fund_months,monthly_savings_eur,consumer_debt_eur,debt_types,mortgage_remaining_eur,investable_assets_eur,investment_experience,risk_tolerance_1_5,financial_confidence_1_5,primary_financial_goal,goal_horizon_months,plans_home_purchase,home_purchase_horizon_months,interested_in_investing,interested_in_mortgage,interested_in_savings_products,interested_in_insurance,interested_in_pension,recent_life_event,biggest_financial_concern,what_would_you_like_help_with,open_to_financial_advisor_call,marketing_contact_consent,preferred_contact_channel,survey_completed_at
FZ-0001,Italy,25-34,Student + part-time,Part-time,Media,2.0,900,2,2,0,Renting,550,3500,1,50,6000,Credit card,0,0,Beginner,3,1,Build emergency fund,18,No,,Yes,No,Yes,No,No,Had a child,Not knowing where to start,I need help setting a budget now that I have my first proper salary.,Maybe,Yes,Email,2026-08-22T15:14:00+02:00
FZ-0002,Spain,35-44,Employed,Fixed-term,Technology,3.4,4750,4,4,2,Own with mortgage,750,175000,12,1200,10000,Credit card,100000,0,Beginner,2,3,Make savings work harder,60,No,,Yes,No,Yes,No,Maybe,New job,Making a bad investment decision,Most of my money is in cash. I want help organising it between emergency savings and investments.,Yes,Yes,WhatsApp,2026-09-16T16:52:00+02:00
FZ-0003,Italy,55-64,Employed,Full-time permanent,Public Sector,2.1,5000,4,4,1,Own outright,0,95000,12,700,0,None,0,5000,Beginner,3,2,Make savings work harder,120,No,,Yes,No,Yes,No,Yes,Planning relocation,Not having a clear plan,I have saved quite a lot but I am not confident about what to do with it and I keep postponing decisions.,,Yes,Phone,2026-09-09T14:37:00+02:00
FZ-0004,Italy,35-44,Employed,Full-time permanent,Public Sector,1.3,3400,3,1,0,Renting,650,1000,2,-250,18000,Personal loan,0,500,None,1,1,Reduce debt,24,No,,No,No,Maybe,No,No,Started freelancing,Unexpected expenses while repaying debt,I want a realistic plan to pay down debt and rebuild an emergency buffer.,Yes,Yes,Email,2026-07-19T14:44:00+02:00
FZ-0005,Italy,45-54,Employed,Full-time permanent,Manufacturing,10.4,5000,4,4,3,Own outright,150,35000,8,1100,3000,Credit card,0,120000,Experienced,3,4,Prepare for retirement,180,No,,Yes,No,Maybe,No,Yes,New job,Market risk close to retirement,Retirement is getting closer and I want a clearer pension and investment strategy.,,Yes,WhatsApp,2026-08-06T20:39:00+02:00
FZ-0006,Spain,55-64,Employed,Fixed-term,Media,15.1,5800,4,5,3,Own with mortgage,1100,120000,8,1100,0,None,70000,205000,Intermediate,2,3,Prepare for retirement,180,No,,Yes,No,Yes,No,Yes,Unexpected expense,Market risk close to retirement,I want to know whether I am saving enough for retirement and whether my current investments make sense.,Yes,Yes,WhatsApp,2026-08-08T13:46:00+02:00
FZ-0007,Italy,25-34,Employed,Full-time permanent,Public Sector,4.3,3200,5,1,0,Renting,900,54000,6,350,0,None,0,11000,Beginner,3,2,Buy a home,36,Yes,36,No,Yes,Yes,Maybe,No,Started freelancing,House prices and mortgage affordability,I want a clear plan for buying a home in the next couple of years and comparing mortgage options.,Yes,No,None,2026-08-12T19:29:00+02:00
FZ-0008,France,35-44,Employed,Fixed-term,Technology,7.9,5100,4,4,1,Renting,700,37000,3,350,0,None,0,20000,Beginner,2,2,Protect family finances,24,No,,Yes,No,Yes,Yes,Yes,Had a child,Balancing current costs with long-term savings,My finances were simple before having children; now I want a clearer household plan.,,Yes,WhatsApp,2026-08-02T09:58:00+02:00
FZ-0009,Italy,18-24,Employed,Full-time permanent,Professional Services,5.4,2300,4,5,2,Renting,1000,27000,4,550,0,None,0,7000,None,2,3,Start investing,60,No,,Yes,No,Yes,No,No,New job,Choosing the wrong investment products,I have cash sitting in my account and want to start investing without taking risks I do not understand.,Yes,Yes,WhatsApp,2026-08-15T09:41:00+02:00
FZ-0010,Italy,25-34,Employed,Full-time permanent,Professional Services,6.2,3900,5,2,1,Renting,1000,47000,6,950,0,None,0,11000,None,3,2,Buy a home,18,Yes,18,No,Yes,Yes,Maybe,No,Moved city,Interest rates increasing,I want a clear plan for buying a home in the next couple of years and comparing mortgage options.,Maybe,Yes,WhatsApp,2026-07-03T14:51:00+02:00
FZ-0011,Italy,25-34,Self-employed,Self-employed,Manufacturing,2.6,5100,3,1,0,Renting,1000,38000,12,1000,5000,Personal loan,0,5000,Intermediate,2,2,Stabilise finances,36,No,24,Yes,No,Yes,No,Yes,Planning relocation,Irregular income,"Since I freelance, I need a better system for taxes, savings and long-term planning.",Maybe,No,None,2026-09-05T10:12:00+02:00
FZ-0012,Italy,25-34,Employed,Fixed-term,Manufacturing,6.6,2100,4,3,2,Renting,800,51000,4,500,0,None,0,4000,Beginner,3,4,Buy a home,36,Yes,36,No,Yes,Yes,Maybe,No,None,House prices and mortgage affordability,"I am renting now and would like to buy my first home, but I do not know how much deposit I should keep aside.",Maybe,No,None,2026-08-25T21:47:00+02:00
FZ-0013,France,25-34,Employed,Fixed-term,Media,5.2,,5,3,1,Renting,600,26000,3,500,0,None,0,1500,None,2,2,Start investing,60,No,,Yes,No,Yes,No,No,Got married,Keeping too much cash,I would like to build a long-term investment plan and stop leaving everything in cash.,Maybe,Yes,Email,2026-07-14T13:55:00+02:00
FZ-0014,Italy,55-64,Employed,Full-time permanent,Hospitality,8.2,5000,4,1,0,Own outright,250,25000,6,1600,0,None,0,145000,Experienced,4,4,Optimise investments,180,No,,Yes,No,Maybe,No,Yes,Relationship change,Portfolio concentration,I am comfortable investing but want to optimise how my cash and investments are allocated.,No,Yes,Email,2026-08-11T09:43:00+02:00
FZ-0015,Italy,55-64,Employed,Fixed-term,Retail,8.5,6200,4,2,1,Own with mortgage,1000,140000,12,500,0,None,80000,45000,Intermediate,3,3,Prepare for retirement,60,No,,Yes,No,Yes,No,Yes,New job,Market risk close to retirement,I want to know whether I am saving enough for retirement and whether my current investments make sense.,Yes,Yes,Phone,2026-09-26T19:01:00+02:00
FZ-0016,Italy,25-34,Employed,Full-time permanent,Healthcare,4.3,4000,4,2,1,Renting,600,35000,3,500,0,None,0,0,None,3,4,Buy a home,18,Yes,18,No,Yes,Yes,Maybe,No,Unexpected expense,Using too much of my savings for a deposit,I want to understand how much mortgage I could realistically afford without draining all my savings.,Yes,Yes,Email,2026-09-07T19:02:00+02:00
FZ-0017,Spain,25-34,Self-employed,Self-employed,Manufacturing,9.5,,3,1,0,Renting,1050,59000,4,400,0,None,0,25000,Intermediate,3,4,Stabilise finances,36,No,36,Yes,No,Yes,No,Yes,Had a child,Not having enough buffer in weak months,"Since I freelance, I need a better system for taxes, savings and long-term planning.",Yes,Yes,Email,2026-07-02T08:12:00+02:00
FZ-0018,Italy,55-64,Employed,Fixed-term,Retail,7.7,2900,5,2,0,Own with mortgage,950,100000,8,500,0,None,15000,80000,Experienced,3,3,Prepare for retirement,60,No,,Yes,No,Maybe,No,Yes,Started freelancing,Not having enough for retirement,I would like to understand my retirement gap and what monthly contribution would close it. I prefer not to be called about products.,Yes,Yes,WhatsApp,2026-09-17T16:19:00+02:00
FZ-0019,Spain,35-44,Employed,Full-time permanent,Technology,5.7,2700,2,2,1,Renting,1150,3000,1,0,21000,Car loan; Credit card,0,0,None,1,2,Reduce debt,12,No,,No,No,Maybe,No,No,None,Monthly debt payments,I have several payments every month and want to reduce the pressure before I think about investing.,Yes,Yes,WhatsApp,2026-08-21T12:18:00+02:00
FZ-0020,Italy,25-34,Employed,Full-time permanent,Professional Services,3.9,4600,5,4,3,Renting,950,30000,6,300,0,None,0,14000,Beginner,3,4,Protect family finances,24,No,,Yes,No,Yes,Yes,Maybe,None,Balancing current costs with long-term savings,My finances were simple before having children; now I want a clearer household plan.,Maybe,Yes,WhatsApp,2026-09-03T11:50:00+02:00
FZ-0021,Italy,25-34,Employed,Full-time permanent,Professional Services,4.6,4000,4,3,1,Renting,950,32000,3,550,0,None,0,8000,Beginner,2,2,Buy a home,36,Yes,36,No,Yes,Yes,Maybe,No,Unexpected expense,Interest rates increasing,I want a clear plan for buying a home in the next couple of years and comparing mortgage options. I prefer not to be called about products.,Yes,Yes,Phone,2026-09-04T19:03:00+02:00
FZ-0022,Italy,25-34,Employed,Full-time permanent,Manufacturing,4.9,2100,4,4,2,Renting,1150,33000,4,750,0,None,0,1000,None,2,3,Start investing,60,No,,Yes,No,Yes,No,No,Planning relocation,Choosing the wrong investment products,I would like to build a long-term investment plan and stop leaving everything in cash.,Yes,Yes,Email,2026-08-11T19:01:00+02:00
FZ-0023,Spain,35-44,Employed,Fixed-term,Education,2.8,,2,3,2,Renting,1250,500,1,-150,10000,Credit card; Personal loan,0,500,Beginner,1,1,Reduce debt,36,No,,No,No,Maybe,No,No,Promotion,Interest costs,I want a realistic plan to pay down debt and rebuild an emergency buffer.,Yes,No,None,2026-09-27T11:18:00+02:00
FZ-0024,Italy,25-34,Employed,Full-time permanent,Technology,8.2,,5,2,1,Renting,550,19000,5,500,0,None,0,6000,None,3,2,Start investing,60,No,,Yes,No,Yes,No,No,Unexpected expense,Choosing the wrong investment products,I would like to build a long-term investment plan and stop leaving everything in cash.,Maybe,No,None,2026-09-23T11:58:00+02:00
FZ-0025,France,18-24,Employed,Part-time,Finance,1.9,2300,4,2,0,Living with family,200,4500,2,250,0,None,0,0,None,3,3,Build emergency fund,6,No,,Maybe,No,Yes,No,No,Had a child,Running out of money before payday,I want to create an emergency fund first and then learn how to start investing small amounts.,Maybe,Yes,Phone,2026-08-02T09:36:00+02:00
FZ-0026,Italy,35-44,Employed,Full-time permanent,Public Sector,5.4,5500,4,4,3,Renting,1150,53000,6,300,0,None,0,24000,Intermediate,3,3,Protect family finances,60,No,,Yes,No,Yes,Yes,Maybe,Had a child,Unexpected family expenses,We have a child now and I want to make sure our emergency fund and protection are adequate.,Yes,Yes,Phone,2026-07-10T09:05:00+02:00
FZ-0027,Italy,25-34,Employed,Full-time permanent,Healthcare,4.7,,5,5,4,Renting,900,56000,4,350,0,None,0,2000,None,3,3,Buy a home,12,Yes,12,Maybe,Yes,Yes,Maybe,No,Relationship change,House prices and mortgage affordability,I want to understand how much mortgage I could realistically afford without draining all my savings.,Yes,Yes,Email,2026-09-20T22:06:00+02:00
FZ-0028,Italy,45-54,Employed,Full-time permanent,Manufacturing,6.9,5300,4,1,0,Own with mortgage,1100,100000,6,400,0,None,45000,65000,Intermediate,3,3,Prepare for retirement,120,No,,Yes,No,Maybe,No,Yes,Unexpected expense,Understanding pension options,I would like to understand my retirement gap and what monthly contribution would close it.,Yes,Yes,WhatsApp,2026-07-18T13:08:00+02:00
FZ-0029,Italy,25-34,Employed,Full-time permanent,Professional Services,7.3,2600,4,4,2,Renting,900,11000,9,250,3500,Credit card,0,1000,None,4,2,Start investing,120,No,,Yes,No,Yes,No,No,Started freelancing,Choosing the wrong investment products,I have cash sitting in my account and want to start investing without taking risks I do not understand.,Yes,No,None,2026-09-13T13:14:00+02:00
FZ-0030,France,35-44,Employed,Full-time permanent,Public Sector,1.2,2800,3,2,0,Renting,550,,9,650,0,None,0,1000,Beginner,3,3,Start investing,60,No,,Yes,No,Yes,No,No,Moved city,Losing money when I start investing,"I am interested in ETFs and investing monthly, but I need help deciding how much I can invest safely.",Maybe,No,None,2026-09-16T16:29:00+02:00
FZ-0031,Italy,25-34,Employed,Full-time permanent,Technology,1.1,3900,4,2,1,Renting,750,19000,8,450,0,None,0,2000,None,3,4,Buy a home,36,Yes,36,No,Yes,Yes,Maybe,No,Unexpected expense,Interest rates increasing,I want to understand how much mortgage I could realistically afford without draining all my savings.,Maybe,Yes,WhatsApp,2026-09-25T13:17:00+02:00
FZ-0032,Italy,35-44,Employed,Fixed-term,Public Sector,2.3,4900,5,4,2,Renting,650,44000,6,650,0,None,0,25000,Beginner,2,3,Protect family finances,120,No,,Yes,No,Yes,Yes,Maybe,None,Protecting my family financially,We have a child now and I want to make sure our emergency fund and protection are adequate.,Yes,Yes,Phone,2026-07-28T18:28:00+02:00
FZ-0033,Italy,45-54,Employed,Full-time permanent,Professional Services,4.3,6500,5,2,1,Own with mortgage,650,130000,10,600,0,None,65000,7500,None,2,3,Make savings work harder,60,No,,Yes,No,Yes,No,Yes,Started freelancing,Making a bad investment decision,Most of my money is in cash. I want help organising it between emergency savings and investments.,Yes,Yes,Phone,2026-08-12T15:30:00+02:00
FZ-0034,France,18-24,Employed,Fixed-term,Hospitality,1.6,1600,2,2,0,Renting,500,5500,0,50,0,None,0,500,Beginner,4,1,Build emergency fund,6,No,,Yes,No,Yes,No,No,Had a child,Running out of money before payday,I want to create an emergency fund first and then learn how to start investing small amounts.,Maybe,Yes,Email,2026-09-05T20:48:00+02:00
FZ-0035,Spain,18-24,Student + part-time,Full-time permanent,Retail,2.1,1400,2,1,0,Living with family,200,1500,2,0,0,None,0,1500,None,2,2,Build emergency fund,18,No,24,Yes,No,Yes,No,No,New job,Running out of money before payday,I need help setting a budget now that I have my first proper salary.,Maybe,No,None,2026-08-09T12:41:00+02:00
FZ-0036,Italy,25-34,Employed,Full-time permanent,Hospitality,2.1,3200,5,2,1,Renting,1100,17000,4,950,0,None,0,1000,Beginner,2,2,Buy a home,18,Yes,18,No,Yes,Yes,No,No,Unexpected expense,House prices and mortgage affordability,I want to understand how much mortgage I could realistically afford without draining all my savings.,Maybe,Yes,Email,2026-07-12T20:03:00+02:00
FZ-0037,Spain,25-34,Employed,Fixed-term,Technology,2.9,,4,2,1,Renting,1000,44000,4,650,0,None,0,12000,None,2,3,Buy a home,18,Yes,18,Maybe,Yes,Yes,Maybe,No,Promotion,Interest rates increasing,I want to understand how much mortgage I could realistically afford without draining all my savings.,Yes,Yes,Phone,2026-07-10T21:36:00+02:00
FZ-0038,France,25-34,Employed,Full-time permanent,Hospitality,1.9,2700,4,3,0,Renting,800,31000,3,450,0,None,0,7000,None,3,2,Buy a home,12,Yes,12,No,Yes,Yes,Maybe,No,Promotion,Interest rates increasing,I want to understand how much mortgage I could realistically afford without draining all my savings.,Maybe,Yes,Phone,2026-08-13T15:35:00+02:00
FZ-0039,Spain,25-34,Employed,Full-time permanent,Finance,7.2,,3,3,0,Renting,1050,6000,1,100,15000,Credit card; Personal loan,0,0,Beginner,2,2,Reduce debt,24,No,,No,No,Maybe,No,No,Planning relocation,Interest costs,My priority is getting monthly payments under control and understanding which debt I should repay first.,,Yes,Email,2026-09-13T19:25:00+02:00
FZ-0040,Italy,25-34,Employed,Full-time permanent,Education,2.4,3800,5,1,0,Renting,1000,26000,3,950,0,None,0,5000,Beginner,2,3,Buy a home,18,Yes,18,No,Yes,Yes,No,No,Moved city,Interest rates increasing,I want to understand how much mortgage I could realistically afford without draining all my savings.,Yes,Yes,Phone,2026-08-21T16:57:00+02:00
FZ-0041,Italy,25-34,Employed,Fixed-term,Retail,0.7,1800,4,2,0,Renting,600,3500,2,-150,15000,Personal loan,0,0,Beginner,1,1,Reduce debt,36,No,,No,No,Maybe,No,No,Planning relocation,Unexpected expenses while repaying debt,I have several payments every month and want to reduce the pressure before I think about investing.,Yes,Yes,WhatsApp,2026-08-18T09:49:00+02:00
FZ-0042,Italy,35-44,Employed,Full-time permanent,Finance,4.1,7000,4,5,3,Own outright,0,70000,18,800,0,None,0,15000,Beginner,2,3,Make savings work harder,120,No,,Yes,No,Yes,No,Yes,Promotion,Inflation reducing the value of my cash,I want a simple strategy for my savings rather than moving money around without a plan.,Yes,Yes,Email,2026-08-16T21:58:00+02:00
FZ-0043,Italy,35-44,Employed,Fixed-term,Media,4.6,6750,5,3,1,Own with mortgage,1000,165000,24,700,0,None,35000,2500,None,2,2,Make savings work harder,60,No,,Yes,No,Yes,No,Yes,None,Making a bad investment decision,I want a simple strategy for my savings rather than moving money around without a plan.,Yes,No,None,2026-09-09T21:27:00+02:00
FZ-0044,France,25-34,Student + part-time,Part-time,Education,2.2,2300,3,3,1,Renting,350,9000,1,300,0,None,0,0,None,3,3,Build emergency fund,18,No,,Maybe,No,Yes,No,No,Planning relocation,Not knowing where to start,I need help setting a budget now that I have my first proper salary.,,No,None,2026-09-13T14:10:00+02:00
FZ-0045,Spain,35-44,Employed,Full-time permanent,Hospitality,2.9,2100,5,2,0,Renting,1200,49000,4,1100,4000,Car loan,0,9000,Beginner,2,3,Buy a home,18,Yes,18,Maybe,Yes,Yes,Maybe,No,None,Interest rates increasing,"I am renting now and would like to buy my first home, but I do not know how much deposit I should keep aside.",Maybe,Yes,Email,2026-09-09T10:45:00+02:00
FZ-0046,France,35-44,Employed,Full-time permanent,Hospitality,6.4,4300,5,2,1,Renting,750,25000,10,850,0,None,0,6000,Beginner,2,3,Build wealth,60,No,,Yes,No,Yes,No,No,Had a child,Missing better uses for my savings,I want to turn regular savings into a more deliberate financial plan. I prefer not to be called about products.,No,Yes,WhatsApp,2026-09-28T16:10:00+02:00
FZ-0047,Italy,25-34,Employed,Full-time permanent,Technology,6.5,4100,5,4,1,Renting,950,28000,2,300,0,None,0,23000,Beginner,3,3,Protect family finances,24,No,,Yes,No,Yes,Yes,Maybe,Got married,Protecting my family financially,"I want to plan for family expenses, insurance and long-term savings without overcommitting each month.",Maybe,Yes,Phone,2026-09-01T19:09:00+02:00
FZ-0048,Italy,55-64,Employed,Full-time permanent,Professional Services,17.2,2900,5,1,0,Own with mortgage,950,80000,12,1100,7000,Credit card,40000,45000,Intermediate,2,4,Prepare for retirement,180,No,,Yes,No,Yes,No,Yes,None,Not having enough for retirement,I would like to understand my retirement gap and what monthly contribution would close it.,Yes,Yes,WhatsApp,2026-09-04T08:42:00+02:00
FZ-0049,Italy,55-64,Employed,Full-time permanent,Media,10.6,5700,5,3,2,Own outright,0,90000,12,400,0,None,0,210000,Intermediate,3,3,Prepare for retirement,180,No,,Yes,No,Maybe,No,Yes,Promotion,Market risk close to retirement,I would like to understand my retirement gap and what monthly contribution would close it.,Yes,No,None,2026-09-07T21:47:00+02:00
FZ-0050,Italy,35-44,Employed,Full-time permanent,Media,4.6,4100,5,1,0,Renting,700,29000,6,700,5000,Credit card,0,9000,Beginner,3,3,Buy a home,18,Yes,18,Maybe,Yes,Yes,Maybe,No,Moved city,Interest rates increasing,I want a clear plan for buying a home in the next couple of years and comparing mortgage options. I prefer not to be called about products.,Yes,Yes,WhatsApp,2026-07-09T16:39:00+02:00
FZ-0051,Italy,35-44,Employed,Full-time permanent,Media,3.0,7000,4,3,1,Own outright,250,90000,8,2100,1000,Credit card,0,165000,Experienced,5,4,Optimise investments,120,No,,Yes,No,No,No,Maybe,None,Portfolio concentration,I am comfortable investing but want to optimise how my cash and investments are allocated.,No,No,None,2026-09-25T14:36:00+02:00
FZ-0052,France,25-34,Employed,Full-time permanent,Finance,2.6,3700,3,2,1,Renting,1200,16000,5,650,0,None,0,2500,Beginner,3,3,Start investing,60,No,,Yes,No,Yes,No,No,Had a child,Losing money when I start investing,I have cash sitting in my account and want to start investing without taking risks I do not understand. I prefer not to be called about products.,Maybe,Yes,Email,2026-08-25T16:24:00+02:00
FZ-0053,Italy,25-34,Student + part-time,Fixed-term,Technology,2.0,900,4,2,0,Renting,600,5000,2,200,0,None,0,0,None,3,1,Build emergency fund,18,No,,Yes,No,Yes,No,No,Promotion,Running out of money before payday,I need help setting a budget now that I have my first proper salary.,,Yes,WhatsApp,2026-09-15T15:23:00+02:00
FZ-0054,Spain,25-34,Employed,Fixed-term,Education,5.3,2200,5,3,2,Renting,600,31000,8,750,0,None,0,2000,None,3,4,Buy a home,18,Yes,18,Maybe,Yes,Yes,Maybe,No,Got married,House prices and mortgage affordability,I want a clear plan for buying a home in the next couple of years and comparing mortgage options.,Maybe,Yes,WhatsApp,2026-08-23T17:26:00+02:00
FZ-0055,Spain,35-44,Employed,Full-time permanent,Public Sector,7.6,9000,5,2,0,Own with mortgage,850,65000,12,800,9000,Credit card,130000,170000,Experienced,3,4,Optimise investments,120,No,,Yes,No,Maybe,No,Maybe,Started freelancing,Fees and tax efficiency,I want a more structured view of my portfolio and future contributions.,Maybe,Yes,Phone,2026-07-08T08:11:00+02:00
FZ-0056,Spain,35-44,Employed,Full-time permanent,Public Sector,4.2,,5,5,3,Renting,700,52000,6,750,0,None,0,17000,Beginner,2,4,Protect family finances,120,No,,Yes,No,Yes,Yes,Yes,Got married,Protecting my family financially,My finances were simple before having children; now I want a clearer household plan.,,Yes,Phone,2026-08-05T12:07:00+02:00
FZ-0057,Italy,25-34,Employed,Full-time permanent,Healthcare,1.3,2300,5,2,1,Renting,950,55000,4,750,0,None,0,4000,Beginner,2,3,Buy a home,24,Yes,24,Maybe,Yes,Yes,Maybe,No,Planning relocation,House prices and mortgage affordability,I want a clear plan for buying a home in the next couple of years and comparing mortgage options.,Maybe,Yes,Phone,2026-08-19T10:24:00+02:00
FZ-0058,Italy,35-44,Employed,Fixed-term,Manufacturing,5.0,6000,5,3,1,Own outright,250,90000,6,1500,0,None,0,325000,Experienced,5,5,Optimise investments,60,No,,Yes,No,Maybe,No,Yes,Promotion,Portfolio concentration,I want a more structured view of my portfolio and future contributions.,Maybe,Yes,Email,2026-08-21T08:36:00+02:00
FZ-0059,Italy,18-24,Employed,Full-time permanent,Retail,5.0,2000,4,4,2,Renting,1100,20000,4,850,0,None,0,1000,Beginner,2,3,Start investing,36,No,,Yes,No,Yes,No,No,Moved city,Choosing the wrong investment products,I would like to build a long-term investment plan and stop leaving everything in cash.,Yes,Yes,Email,2026-07-20T11:46:00+02:00
FZ-0060,Spain,35-44,Employed,Full-time permanent,Education,3.9,4500,4,3,2,Own outright,150,45000,12,900,7500,Car loan,0,285000,Experienced,3,5,Optimise investments,180,No,,Yes,No,Maybe,No,Maybe,Planning relocation,Fees and tax efficiency,I want a more structured view of my portfolio and future contributions.,Maybe,Yes,WhatsApp,2026-08-03T18:57:00+02:00
FZ-0061,France,35-44,Self-employed,Self-employed,Hospitality,8.6,3300,3,2,0,Renting,1200,31000,8,550,0,None,0,6000,Beginner,4,2,Stabilise finances,24,No,,Yes,No,Yes,No,Yes,Got married,Not having enough buffer in weak months,"Since I freelance, I need a better system for taxes, savings and long-term planning.",Maybe,Yes,WhatsApp,2026-09-01T09:13:00+02:00
FZ-0062,Spain,35-44,Employed,Fixed-term,Finance,1.8,3900,5,3,3,Renting,850,44000,3,800,0,None,0,6000,Beginner,3,4,Protect family finances,120,No,,Yes,No,Yes,Yes,Maybe,Had a child,Balancing current costs with long-term savings,"I want to plan for family expenses, insurance and long-term savings without overcommitting each month.",Maybe,Yes,WhatsApp,2026-07-13T09:06:00+02:00
FZ-0063,Spain,35-44,Employed,Fixed-term,Professional Services,5.7,2400,3,1,0,Renting,1200,17000,3,550,0,None,0,3500,Beginner,3,3,Start investing,60,No,,Yes,No,Yes,No,No,Got married,Keeping too much cash,I would like to build a long-term investment plan and stop leaving everything in cash.,Maybe,No,None,2026-07-25T19:52:00+02:00
FZ-0064,Italy,35-44,Self-employed,Self-employed,Professional Services,4.7,4200,3,1,0,Renting,550,41000,8,850,0,None,0,15000,Beginner,2,4,Stabilise finances,12,No,,Maybe,No,Yes,No,Yes,Promotion,Not having enough buffer in weak months,"Since I freelance, I need a better system for taxes, savings and long-term planning. I prefer not to be called about products.",Maybe,Yes,Phone,2026-07-24T19:07:00+02:00
FZ-0065,Spain,25-34,Employed,Full-time permanent,Hospitality,6.2,5200,4,4,3,Renting,1250,38000,2,800,0,None,0,17000,Beginner,3,2,Protect family finances,60,No,,Maybe,No,Yes,Yes,Maybe,Had a child,Unexpected family expenses,My finances were simple before having children; now I want a clearer household plan.,Maybe,Yes,Email,2026-09-26T14:39:00+02:00
FZ-0066,Italy,25-34,Employed,Full-time permanent,Retail,2.0,3600,5,3,2,Renting,1000,51000,3,550,0,None,0,1000,None,3,2,Buy a home,24,Yes,24,No,Yes,Yes,Maybe,No,Moved city,House prices and mortgage affordability,"I am renting now and would like to buy my first home, but I do not know how much deposit I should keep aside.",Maybe,Yes,Phone,2026-07-27T17:34:00+02:00
FZ-0067,Italy,45-54,Employed,Full-time permanent,Healthcare,5.5,2100,4,4,3,Renting,800,7000,1,50,27000,Credit card; Personal loan,0,0,None,1,1,Reduce debt,12,No,,No,No,Maybe,No,No,Promotion,Monthly debt payments,My priority is getting monthly payments under control and understanding which debt I should repay first.,Yes,Yes,WhatsApp,2026-09-27T17:48:00+02:00
FZ-0068,Italy,55-64,Employed,Full-time permanent,Finance,17.9,5500,5,2,1,Own with mortgage,1050,25000,6,600,0,None,30000,110000,Intermediate,3,3,Prepare for retirement,60,No,,Yes,No,Maybe,No,Yes,Relationship change,Market risk close to retirement,I would like to understand my retirement gap and what monthly contribution would close it.,Yes,Yes,Phone,2026-07-22T10:03:00+02:00
FZ-0069,Spain,35-44,Employed,Fixed-term,Hospitality,1.8,3500,5,4,2,Own outright,0,140000,18,1300,0,None,0,20000,Beginner,2,3,Make savings work harder,120,No,,Yes,No,Yes,No,Yes,Unexpected expense,Not having a clear plan,I want a simple strategy for my savings rather than moving money around without a plan.,Yes,Yes,Email,2026-09-20T16:09:00+02:00
FZ-0070,Italy,45-54,Employed,Full-time permanent,Manufacturing,4.7,3250,5,4,2,Own outright,150,110000,10,800,0,None,0,30000,None,2,3,Make savings work harder,120,No,,Yes,No,Yes,No,Maybe,Got married,Making a bad investment decision,I have saved quite a lot but I am not confident about what to do with it and I keep postponing decisions.,Yes,Yes,Email,2026-08-23T08:51:00+02:00
FZ-0071,Spain,18-24,Employed,Fixed-term,Retail,0.4,1800,4,2,0,Living with family,300,5000,1,150,4500,Credit card,0,0,Beginner,4,3,Build emergency fund,12,No,,Yes,No,Yes,No,No,Relationship change,Running out of money before payday,I need help setting a budget now that I have my first proper salary.,Maybe,Yes,Phone,2026-09-15T17:43:00+02:00
FZ-0072,France,35-44,Employed,Full-time permanent,Public Sector,4.6,3200,2,1,0,Renting,550,6000,1,-250,18000,Credit card,0,0,None,1,1,Reduce debt,36,No,,No,No,Maybe,No,No,New job,Unexpected expenses while repaying debt,My priority is getting monthly payments under control and understanding which debt I should repay first.,Yes,No,None,2026-08-22T17:23:00+02:00
FZ-0073,Spain,25-34,Employed,Full-time permanent,Media,4.5,4000,5,4,1,Renting,650,59000,6,850,0,None,0,3000,None,2,3,Buy a home,36,Yes,36,No,Yes,Yes,Maybe,No,Got married,Interest rates increasing,"I am renting now and would like to buy my first home, but I do not know how much deposit I should keep aside.",Yes,Yes,Email,2026-08-19T20:29:00+02:00
FZ-0074,Italy,55-64,Employed,Full-time permanent,Public Sector,10.6,4100,5,4,1,Own outright,150,80000,8,1300,0,None,0,55000,Intermediate,3,3,Prepare for retirement,60,No,,Yes,No,Yes,No,Yes,Got married,Not having enough for retirement,Retirement is getting closer and I want a clearer pension and investment strategy.,Yes,Yes,WhatsApp,2026-08-03T17:13:00+02:00
FZ-0075,Spain,25-34,Self-employed,Self-employed,Healthcare,4.6,3800,2,2,0,Renting,800,13000,6,650,0,None,0,17000,Beginner,4,2,Stabilise finances,24,No,,Yes,No,Yes,No,Yes,Unexpected expense,Irregular income,"My income changes month to month, so I want to understand how large my cash buffer should be and how to invest the rest.",Maybe,Yes,Email,2026-08-04T21:41:00+02:00
FZ-0076,Italy,55-64,Employed,Full-time permanent,Healthcare,12.3,4700,5,2,0,Own with mortgage,1200,30000,6,400,0,None,60000,190000,Experienced,2,4,Prepare for retirement,60,No,,Yes,No,Yes,No,Yes,Unexpected expense,Not having enough for retirement,I would like to understand my retirement gap and what monthly contribution would close it.,Yes,No,None,2026-07-24T16:16:00+02:00
FZ-0077,Italy,25-34,Employed,Fixed-term,Education,8.3,,4,3,0,Renting,900,55000,5,700,3500,Personal loan,0,19000,Beginner,3,3,Build wealth,120,No,,Yes,No,Yes,No,No,Unexpected expense,Missing better uses for my savings,I save every month but do not have a clear goal for the money beyond keeping a safety cushion.,Maybe,Yes,Email,2026-07-26T12:53:00+02:00
FZ-0078,Italy,35-44,Employed,Fixed-term,Public Sector,0.6,4100,5,3,3,Renting,900,47000,2,900,9500,Credit card,0,7000,Beginner,3,3,Protect family finances,24,No,,Yes,No,Yes,Yes,Yes,None,Protecting my family financially,My finances were simple before having children; now I want a clearer household plan.,Maybe,Yes,WhatsApp,2026-07-08T14:57:00+02:00
FZ-0079,France,25-34,Employed,Fixed-term,Healthcare,5.5,3100,5,5,3,Renting,1150,,4,250,0,None,0,4500,None,2,3,Start investing,60,No,,Yes,No,Yes,No,No,Promotion,Keeping too much cash,"I am interested in ETFs and investing monthly, but I need help deciding how much I can invest safely.",Maybe,Yes,WhatsApp,2026-08-08T11:10:00+02:00
FZ-0080,France,45-54,Employed,Full-time permanent,Healthcare,3.9,4250,5,1,0,Own outright,0,80000,8,2100,10000,Car loan,0,350000,Experienced,4,5,Optimise investments,120,No,,Yes,No,Maybe,No,Maybe,Moved city,Fees and tax efficiency,"I already invest regularly and want to review allocation, fees and whether I am too concentrated.",Maybe,No,None,2026-07-28T13:58:00+02:00
FZ-0081,Italy,55-64,Employed,Full-time permanent,Manufacturing,13.6,,5,5,4,Own outright,250,110000,8,900,1500,Credit card,0,175000,Intermediate,2,4,Prepare for retirement,120,No,,Yes,No,Maybe,No,Yes,Had a child,Understanding pension options,I would like to understand my retirement gap and what monthly contribution would close it.,Yes,Yes,Phone,2026-09-04T12:00:00+02:00
FZ-0082,France,35-44,Self-employed,Self-employed,Hospitality,9.5,6000,3,3,1,Renting,850,32000,4,1150,0,None,0,19000,Intermediate,3,4,Stabilise finances,24,No,,Maybe,No,Yes,No,Yes,Got married,Tax payments and cash-flow swings,"My income changes month to month, so I want to understand how large my cash buffer should be and how to invest the rest.",Yes,No,None,2026-09-27T10:45:00+02:00
FZ-0083,France,25-34,Employed,Fixed-term,Public Sector,1.7,2200,4,3,2,Renting,950,44000,3,650,0,None,0,12000,None,3,3,Buy a home,24,Yes,24,Maybe,Yes,Yes,No,No,Promotion,House prices and mortgage affordability,"I am renting now and would like to buy my first home, but I do not know how much deposit I should keep aside.",Yes,No,None,2026-07-24T13:17:00+02:00
FZ-0084,Italy,35-44,Employed,Full-time permanent,Public Sector,6.1,3000,3,2,1,Renting,650,,9,500,0,None,0,500,None,3,2,Start investing,36,No,,Yes,No,Yes,No,No,None,Choosing the wrong investment products,I have cash sitting in my account and want to start investing without taking risks I do not understand.,Maybe,Yes,Phone,2026-09-02T16:15:00+02:00
FZ-0085,Italy,25-34,Employed,Full-time permanent,Public Sector,4.9,4100,4,2,0,Renting,1150,30000,6,500,0,None,0,1000,Beginner,3,2,Buy a home,36,Yes,36,No,Yes,Yes,No,No,None,House prices and mortgage affordability,"I am renting now and would like to buy my first home, but I do not know how much deposit I should keep aside.",Yes,Yes,WhatsApp,2026-09-01T18:16:00+02:00
FZ-0086,Italy,18-24,Employed,Full-time permanent,Hospitality,6.1,2000,5,5,3,Renting,600,9000,5,400,0,None,0,4500,None,4,3,Start investing,120,No,,Yes,No,Yes,No,No,Planning relocation,Losing money when I start investing,"I am interested in ETFs and investing monthly, but I need help deciding how much I can invest safely.",Yes,Yes,Phone,2026-08-09T08:08:00+02:00
FZ-0087,France,25-34,Employed,Fixed-term,Education,6.2,3800,3,1,0,Renting,1000,23000,3,800,0,None,0,2000,None,3,3,Start investing,36,No,,Yes,No,Yes,No,No,Moved city,Choosing the wrong investment products,"I am interested in ETFs and investing monthly, but I need help deciding how much I can invest safely.",Maybe,Yes,WhatsApp,2026-09-18T21:05:00+02:00
FZ-0088,France,35-44,Employed,Full-time permanent,Media,5.3,4400,5,3,3,Renting,600,14000,4,350,0,None,0,16000,Intermediate,2,4,Protect family finances,120,No,,Maybe,No,Yes,Yes,Maybe,Got married,Unexpected family expenses,"I want to plan for family expenses, insurance and long-term savings without overcommitting each month.",,Yes,Phone,2026-08-25T14:24:00+02:00
FZ-0089,Italy,18-24,Employed,Full-time permanent,Education,6.1,2900,4,4,2,Renting,650,27000,6,250,0,None,0,1000,Beginner,2,3,Start investing,36,No,,Yes,No,Yes,No,No,Promotion,Losing money when I start investing,I have cash sitting in my account and want to start investing without taking risks I do not understand. I prefer not to be called about products.,Yes,No,None,2026-09-26T11:16:00+02:00
FZ-0090,Spain,45-54,Employed,Fixed-term,Manufacturing,6.9,,4,2,0,Renting,1150,3000,2,-150,11000,Personal loan,0,1000,Beginner,1,2,Reduce debt,12,No,,No,No,Maybe,No,No,New job,Monthly debt payments,I have several payments every month and want to reduce the pressure before I think about investing.,Yes,Yes,Email,2026-07-05T17:46:00+02:00
FZ-0091,Spain,35-44,Employed,Full-time permanent,Finance,4.7,4400,4,3,1,Renting,1050,26000,3,450,0,None,0,10000,Beginner,2,4,Protect family finances,60,No,,Maybe,No,Yes,Yes,Yes,None,Protecting my family financially,We have a child now and I want to make sure our emergency fund and protection are adequate.,Yes,Yes,WhatsApp,2026-09-06T12:07:00+02:00
FZ-0092,Italy,35-44,Employed,Fixed-term,Retail,7.5,4250,4,1,0,Own outright,250,65000,24,700,0,None,0,5000,None,2,2,Make savings work harder,36,No,,Yes,No,Yes,No,Yes,Started freelancing,Inflation reducing the value of my cash,Most of my money is in cash. I want help organising it between emergency savings and investments.,Yes,Yes,Email,2026-08-28T11:12:00+02:00
FZ-0093,Italy,35-44,Employed,Full-time permanent,Finance,0.6,3600,5,5,3,Renting,650,41000,3,200,0,None,0,17000,Beginner,2,2,Protect family finances,120,No,,Yes,No,Yes,Yes,Maybe,None,Protecting my family financially,"I want to plan for family expenses, insurance and long-term savings without overcommitting each month.",Yes,Yes,Phone,2026-08-28T17:02:00+02:00
FZ-0094,Spain,55-64,Employed,Fixed-term,Retail,11.1,3300,4,3,1,Own with mortgage,950,60000,8,800,0,None,25000,120000,Experienced,3,3,Prepare for retirement,180,No,24,Yes,No,Maybe,No,Yes,Got married,Not having enough for retirement,Retirement is getting closer and I want a clearer pension and investment strategy.,Yes,Yes,Email,2026-09-09T14:32:00+02:00
FZ-0095,Italy,25-34,Employed,Fixed-term,Healthcare,6.9,2900,3,1,0,Renting,750,17000,5,500,0,None,0,500,Beginner,3,,Start investing,60,No,,Yes,No,Yes,No,No,Relationship change,Choosing the wrong investment products,I have cash sitting in my account and want to start investing without taking risks I do not understand.,Maybe,Yes,Email,2026-09-02T13:48:00+02:00
FZ-0096,France,55-64,Employed,Full-time permanent,Healthcare,3.0,5500,4,2,1,Own with mortgage,800,55000,12,1900,0,None,100000,155000,Experienced,5,,Optimise investments,120,No,,Yes,No,No,No,Yes,Relationship change,Fees and tax efficiency,"I already invest regularly and want to review allocation, fees and whether I am too concentrated.",,Yes,WhatsApp,2026-07-27T08:22:00+02:00
FZ-0097,Italy,35-44,Employed,Full-time permanent,Professional Services,3.4,3700,5,3,3,Renting,1100,10000,6,900,0,None,0,4000,Intermediate,2,3,Protect family finances,120,No,,Maybe,No,Yes,Yes,Maybe,Got married,Balancing current costs with long-term savings,"I want to plan for family expenses, insurance and long-term savings without overcommitting each month.",Maybe,No,None,2026-07-20T16:18:00+02:00
FZ-0098,France,45-54,Employed,Full-time permanent,Hospitality,17.7,5200,5,3,2,Own with mortgage,1200,70000,6,400,0,None,40000,165000,Experienced,3,4,Prepare for retirement,180,No,,Yes,No,Maybe,No,Yes,Got married,Market risk close to retirement,I want to know whether I am saving enough for retirement and whether my current investments make sense.,Yes,Yes,Phone,2026-09-04T11:38:00+02:00
FZ-0099,Italy,25-34,Employed,Full-time permanent,Media,6.9,4200,5,1,0,Renting,1000,41000,6,950,0,None,0,5000,None,3,3,Buy a home,18,Yes,18,No,Yes,Yes,No,No,New job,House prices and mortgage affordability,"I am renting now and would like to buy my first home, but I do not know how much deposit I should keep aside.",Yes,Yes,Phone,2026-09-18T12:40:00+02:00
FZ-0100,Italy,35-44,Employed,Full-time permanent,Education,4.7,8750,5,4,2,Own outright,0,20000,12,1000,7000,Personal loan,0,180000,Experienced,3,4,Optimise investments,180,No,,Yes,No,Maybe,No,Maybe,Moved city,Keeping my allocation disciplined,I want a more structured view of my portfolio and future contributions.,No,Yes,WhatsApp,2026-08-18T18:29:00+02:00
FZ-0101,Italy,25-34,Employed,Full-time permanent,Hospitality,4.8,3200,3,2,1,Renting,1050,6500,2,100,16000,Car loan; Credit card,0,0,Beginner,2,1,Reduce debt,12,No,,No,No,Maybe,No,No,Promotion,Monthly debt payments,My priority is getting monthly payments under control and understanding which debt I should repay first.,Yes,No,None,2026-09-28T20:22:00+02:00
FZ-0102,Spain,35-44,Employed,Fixed-term,Public Sector,8.3,3300,3,2,0,Renting,1050,18000,4,800,0,None,0,500,Beginner,3,3,Start investing,120,No,,Yes,No,Yes,No,No,Had a child,Losing money when I start investing,"I am interested in ETFs and investing monthly, but I need help deciding how much I can invest safely.",Yes,No,None,2026-07-22T12:39:00+02:00
FZ-0103,Italy,55-64,Employed,Full-time permanent,Finance,9.0,4900,5,4,2,Own outright,0,75000,12,800,8000,Credit card,0,215000,Experienced,2,4,Prepare for retirement,180,No,,Yes,No,Maybe,No,Yes,None,Understanding pension options,I want to know whether I am saving enough for retirement and whether my current investments make sense.,Yes,Yes,Email,2026-07-21T15:14:00+02:00
FZ-0104,Spain,55-64,Employed,Fixed-term,Hospitality,15.8,5200,4,3,2,Own outright,150,45000,12,500,7000,Credit card,0,195000,Experienced,2,3,Prepare for retirement,180,No,,Yes,No,Maybe,No,Yes,New job,Not having enough for retirement,I would like to understand my retirement gap and what monthly contribution would close it.,Yes,No,None,2026-09-13T13:34:00+02:00
FZ-0105,Spain,35-44,Employed,Full-time permanent,Manufacturing,2.6,4200,5,5,4,Renting,1200,32000,5,650,0,None,0,8000,None,2,4,Buy a home,24,Yes,24,No,Yes,Yes,Maybe,No,Started freelancing,House prices and mortgage affordability,I want a clear plan for buying a home in the next couple of years and comparing mortgage options.,Maybe,Yes,Email,2026-07-28T13:43:00+02:00
FZ-0106,Spain,55-64,Employed,Fixed-term,Finance,14.3,3300,5,3,1,Own with mortgage,950,40000,6,700,7000,Credit card,35000,165000,Intermediate,3,3,Prepare for retirement,60,No,,Yes,No,Maybe,No,Yes,Unexpected expense,Understanding pension options,Retirement is getting closer and I want a clearer pension and investment strategy.,Yes,Yes,Email,2026-09-07T10:29:00+02:00
FZ-0107,Italy,35-44,Self-employed,Self-employed,Media,8.9,5000,2,3,2,Renting,1000,23000,6,900,0,None,0,24000,Intermediate,2,4,Stabilise finances,36,No,,Yes,No,Yes,No,Yes,Unexpected expense,Not having enough buffer in weak months,"Since I freelance, I need a better system for taxes, savings and long-term planning.",Maybe,Yes,Phone,2026-09-09T15:13:00+02:00
FZ-0108,Italy,25-34,Employed,Full-time permanent,Education,2.7,3900,5,2,0,Renting,550,,5,650,0,None,0,2000,Beginner,4,3,Start investing,36,No,,Yes,No,Yes,No,No,Had a child,Losing money when I start investing,I would like to build a long-term investment plan and stop leaving everything in cash.,Yes,No,None,2026-08-18T14:27:00+02:00
FZ-0109,Italy,35-44,Employed,Fixed-term,Technology,8.0,,3,2,1,Renting,750,2500,1,-250,7000,Credit card,0,1000,Beginner,1,2,Reduce debt,12,No,,No,No,Maybe,No,No,Started freelancing,Unexpected expenses while repaying debt,I want a realistic plan to pay down debt and rebuild an emergency buffer. I prefer not to be called about products.,Yes,Yes,Phone,2026-07-08T18:58:00+02:00
FZ-0110,Spain,45-54,Self-employed,Self-employed,Education,3.5,3500,3,4,2,Renting,900,60000,10,600,0,None,0,23000,Beginner,2,3,Stabilise finances,36,No,,Yes,No,Yes,No,Yes,Unexpected expense,Tax payments and cash-flow swings,I want to separate business volatility from my personal finances and build more predictable savings.,Yes,Yes,Email,2026-07-06T16:21:00+02:00
FZ-0111,Italy,35-44,Employed,Full-time permanent,Manufacturing,2.0,3600,4,2,0,Renting,1150,51000,8,850,0,None,0,5000,Beginner,3,3,Buy a home,24,Yes,24,Maybe,Yes,Yes,No,No,New job,Interest rates increasing,I want a clear plan for buying a home in the next couple of years and comparing mortgage options.,Yes,Yes,WhatsApp,2026-07-25T09:02:00+02:00
FZ-0112,France,55-64,Employed,Full-time permanent,Professional Services,14.5,5900,5,2,0,Own with mortgage,1250,125000,8,1100,6000,Credit card,35000,165000,Intermediate,3,3,Prepare for retirement,120,No,,Yes,No,Maybe,No,Yes,Promotion,Market risk close to retirement,I want to know whether I am saving enough for retirement and whether my current investments make sense.,Yes,Yes,Phone,2026-09-04T09:24:00+02:00
FZ-0113,Italy,35-44,Employed,Full-time permanent,Healthcare,5.5,5250,5,3,1,Own outright,0,85000,18,600,0,None,0,20000,None,3,3,Make savings work harder,120,No,,Yes,No,Yes,No,Yes,Started freelancing,Inflation reducing the value of my cash,I have saved quite a lot but I am not confident about what to do with it and I keep postponing decisions.,Yes,Yes,Phone,2026-07-10T19:45:00+02:00
FZ-0114,Italy,35-44,Employed,Fixed-term,Hospitality,5.2,4300,4,5,3,Renting,950,15000,6,550,7500,Car loan,0,21000,Intermediate,3,2,Protect family finances,60,No,,Yes,No,Yes,Yes,Maybe,Had a child,Balancing current costs with long-term savings,We have a child now and I want to make sure our emergency fund and protection are adequate.,Maybe,No,None,2026-07-11T12:41:00+02:00
FZ-0115,Italy,25-34,Employed,Full-time permanent,Manufacturing,8.4,,2,4,3,Renting,700,500,0,-50,20000,Personal loan,0,1000,None,1,1,Reduce debt,36,No,,No,No,Maybe,No,No,Got married,Unexpected expenses while repaying debt,I have several payments every month and want to reduce the pressure before I think about investing.,Yes,Yes,Email,2026-09-08T11:37:00+02:00
FZ-0116,Italy,25-34,Self-employed,Self-employed,Healthcare,4.0,3500,2,2,0,Renting,700,47000,8,850,4000,Personal loan,0,9000,Intermediate,4,2,Stabilise finances,24,No,,Maybe,No,Yes,No,Yes,Promotion,Irregular income,"Since I freelance, I need a better system for taxes, savings and long-term planning.",Yes,Yes,Phone,2026-09-19T20:07:00+02:00
FZ-0117,France,35-44,Employed,Full-time permanent,Hospitality,5.2,2800,4,2,1,Renting,1150,32000,6,1050,0,None,0,4000,None,3,2,Buy a home,12,Yes,12,Maybe,Yes,Yes,No,No,Promotion,Using too much of my savings for a deposit,I want to understand how much mortgage I could realistically afford without draining all my savings.,Maybe,Yes,Email,2026-08-17T08:57:00+02:00
FZ-0118,Spain,45-54,Employed,Fixed-term,Finance,7.6,4750,4,3,2,Own outright,150,90000,24,1600,0,None,0,27500,Beginner,2,2,Make savings work harder,36,No,,Yes,No,Yes,No,Maybe,New job,Inflation reducing the value of my cash,I want a simple strategy for my savings rather than moving money around without a plan.,Yes,Yes,WhatsApp,2026-07-11T21:08:00+02:00
FZ-0119,France,45-54,Employed,Full-time permanent,Media,4.3,2800,4,1,0,Renting,850,70000,5,1000,0,None,0,23000,Beginner,3,4,Build wealth,60,No,,Maybe,No,Yes,No,No,New job,Savings losing value to inflation,I save every month but do not have a clear goal for the money beyond keeping a safety cushion.,Maybe,Yes,WhatsApp,2026-08-26T21:32:00+02:00
FZ-0120,Spain,35-44,Employed,Full-time permanent,Manufacturing,3.7,2800,5,2,1,Renting,1000,33000,8,400,0,None,0,0,Beginner,3,3,Buy a home,18,Yes,18,No,Yes,Yes,No,No,Relationship change,House prices and mortgage affordability,I want to understand how much mortgage I could realistically afford without draining all my savings.,Maybe,Yes,WhatsApp,2026-09-16T08:45:00+02:00
