user_id,priority,segment,opportunity_name,expected_value_eur,propensity,channel,action,confidence,secondary_opportunities,evidence,dq_flags
FZ-0099,Alta,Acquisto casa in vista,Mutuo prima casa,882.0,0.75,Call con consulente,Simulazione di sostenibilità e lead al broker mutui partner,alta,Conto deposito / risparmio remunerato | Protezione famiglia e reddito,"Interesse per il mutuo: Yes | Obiettivo principale: Buy a home | Nel testo: In affitto, vuole la prima casa e non sa quanto tenere per l'anticipo | Aperto a una call con consulente | Pianifica l'acquisto casa entro 18 mesi | La liquidità copre circa il 52% di anticipo e costi stimati | Mutuo sostenibile stimato: circa €252.000",
FZ-0010,Alta,Acquisto casa in vista,Mutuo prima casa,819.0,0.75,WhatsApp,Simulazione di sostenibilità e lead al broker mutui partner,alta,Conto deposito / risparmio remunerato | Protezione famiglia e reddito,Interesse per il mutuo: Yes | Obiettivo principale: Buy a home | Nel testo: Piano per comprare casa in 1-2 anni e confrontare i mutui | Evento che fa da trigger: Moved city | Pianifica l'acquisto casa entro 18 mesi | La liquidità copre circa il 64% di anticipo e costi stimati | Mutuo sostenibile stimato: circa €234.000,
FZ-0058,Alta,Investitori evoluti,Revisione portafoglio,800.0,1.0,Email,"Check-up gratuito di allocazione, costi e concentrazione, poi referral consulente",alta,Previdenza integrativa | Conto deposito / risparmio remunerato,"Interesse per gli investimenti: Yes | Obiettivo principale: Optimise investments | Nel testo: Una visione più ordinata del portafoglio e dei versamenti futuri | Evento che fa da trigger: Promotion | Patrimonio investito dichiarato: €325.000 | Esperienza di investimento: Experienced | Preoccupazione principale: ""Portfolio concentration""",
FZ-0060,Alta,Investitori evoluti,Revisione portafoglio,800.0,1.0,WhatsApp,"Check-up gratuito di allocazione, costi e concentrazione, poi referral consulente",alta,Previdenza integrativa | Conto deposito / risparmio remunerato,"Interesse per gli investimenti: Yes | Obiettivo principale: Optimise investments | Nel testo: Una visione più ordinata del portafoglio e dei versamenti futuri | Patrimonio investito dichiarato: €285.000 | Esperienza di investimento: Experienced | Preoccupazione principale: ""Fees and tax efficiency""",
FZ-0006,Alta,Verso la pensione,Revisione portafoglio,791.6,1.0,Call con consulente,"Check-up gratuito di allocazione, costi e concentrazione, poi referral consulente",alta,Previdenza integrativa | Conto deposito / risparmio remunerato,"Interesse per gli investimenti: Yes | Obiettivo principale: Prepare for retirement | Nel testo: Capire se risparmia abbastanza per la pensione e se gli investimenti attuali reggono | Aperto a una call con consulente | Patrimonio investito dichiarato: €205.000 | Esperienza di investimento: Intermediate | Preoccupazione principale: ""Market risk close to retirement""",
FZ-0027,Alta,Acquisto casa in vista,Mutuo prima casa,737.1,0.75,Call con consulente,Simulazione di sostenibilità e lead al broker mutui partner,media,Protezione famiglia e reddito | Conto deposito / risparmio remunerato,Interesse per il mutuo: Yes | Obiettivo principale: Buy a home | Nel testo: Capire quanto mutuo può reggere senza svuotare i risparmi | Aperto a una call con consulente | Pianifica l'acquisto casa entro 12 mesi | La liquidità copre circa il 77% di anticipo e costi stimati | Mutuo sostenibile stimato: circa €234.000,reddito_mancante
FZ-0112,Alta,Verso la pensione,Revisione portafoglio,722.0,1.0,Call con consulente,"Check-up gratuito di allocazione, costi e concentrazione, poi referral consulente",alta,Previdenza integrativa | Conto deposito / risparmio remunerato,"Interesse per gli investimenti: Yes | Obiettivo principale: Prepare for retirement | Nel testo: Capire se risparmia abbastanza per la pensione e se gli investimenti attuali reggono | Evento che fa da trigger: Promotion | Aperto a una call con consulente | Patrimonio investito dichiarato: €165.000 | Esperienza di investimento: Intermediate | Preoccupazione principale: ""Market risk close to retirement""",
FZ-0066,Alta,Acquisto casa in vista,Mutuo prima casa,695.5,0.69,Phone,Simulazione di sostenibilità e lead al broker mutui partner,alta,Conto deposito / risparmio remunerato | Protezione famiglia e reddito,"Interesse per il mutuo: Yes | Obiettivo principale: Buy a home | Nel testo: In affitto, vuole la prima casa e non sa quanto tenere per l'anticipo | Evento che fa da trigger: Moved city | Pianifica l'acquisto casa entro 24 mesi | La liquidità copre circa il 76% di anticipo e costi stimati | Mutuo sostenibile stimato: circa €216.000",
FZ-0111,Alta,Acquisto casa in vista,Mutuo prima casa,695.5,0.69,Call con consulente,Simulazione di sostenibilità e lead al broker mutui partner,alta,Conto deposito / risparmio remunerato | Previdenza integrativa,Interesse per il mutuo: Yes | Obiettivo principale: Buy a home | Nel testo: Piano per comprare casa in 1-2 anni e confrontare i mutui | Aperto a una call con consulente | Pianifica l'acquisto casa entro 24 mesi | La liquidità copre circa il 76% di anticipo e costi stimati | Mutuo sostenibile stimato: circa €216.000,
FZ-0073,Alta,Acquisto casa in vista,Mutuo prima casa,672.0,0.6,Call con consulente,Simulazione di sostenibilità e lead al broker mutui partner,alta,Conto deposito / risparmio remunerato | Protezione famiglia e reddito,"Interesse per il mutuo: Yes | Obiettivo principale: Buy a home | Nel testo: In affitto, vuole la prima casa e non sa quanto tenere per l'anticipo | Evento che fa da trigger: Got married | Aperto a una call con consulente | Pianifica l'acquisto casa entro 36 mesi | La liquidità copre circa il 79% di anticipo e costi stimati | Mutuo sostenibile stimato: circa €240.000",
FZ-0103,Alta,Verso la pensione,Revisione portafoglio,642.0,0.88,Call con consulente,"Check-up gratuito di allocazione, costi e concentrazione, poi referral consulente",alta,Previdenza integrativa | Conto deposito / risparmio remunerato,Interesse per gli investimenti: Yes | Obiettivo principale: Prepare for retirement | Nel testo: Capire se risparmia abbastanza per la pensione e se gli investimenti attuali reggono | Aperto a una call con consulente | Patrimonio investito dichiarato: €215.000 | Esperienza di investimento: Experienced,
FZ-0057,Alta,Acquisto casa in vista,Mutuo prima casa,592.5,0.92,Phone,Simulazione di sostenibilità e lead al broker mutui partner,alta,Conto deposito / risparmio remunerato | Protezione famiglia e reddito,Interesse per il mutuo: Yes | Obiettivo principale: Buy a home | Nel testo: Piano per comprare casa in 1-2 anni e confrontare i mutui | Evento che fa da trigger: Planning relocation | Pianifica l'acquisto casa entro 24 mesi | La liquidità (€55.000) copre già anticipo e costi stimati (€43.125) | Mutuo sostenibile stimato: circa €138.000,
FZ-0120,Alta,Acquisto casa in vista,Mutuo prima casa,588.0,0.75,WhatsApp,Simulazione di sostenibilità e lead al broker mutui partner,alta,Conto deposito / risparmio remunerato | Protezione famiglia e reddito,Interesse per il mutuo: Yes | Obiettivo principale: Buy a home | Nel testo: Capire quanto mutuo può reggere senza svuotare i risparmi | Pianifica l'acquisto casa entro 18 mesi | La liquidità copre circa il 63% di anticipo e costi stimati | Mutuo sostenibile stimato: circa €168.000,
FZ-0117,Alta,Acquisto casa in vista,Mutuo prima casa,588.0,0.75,Email,Simulazione di sostenibilità e lead al broker mutui partner,alta,Conto deposito / risparmio remunerato | Protezione famiglia e reddito,Interesse per il mutuo: Yes | Obiettivo principale: Buy a home | Nel testo: Capire quanto mutuo può reggere senza svuotare i risparmi | Pianifica l'acquisto casa entro 12 mesi | La liquidità copre circa il 61% di anticipo e costi stimati | Mutuo sostenibile stimato: circa €168.000,
FZ-0098,Alta,Verso la pensione,Revisione portafoglio,575.6,1.0,Call con consulente,"Check-up gratuito di allocazione, costi e concentrazione, poi referral consulente",alta,Previdenza integrativa | Protezione famiglia e reddito,"Interesse per gli investimenti: Yes | Obiettivo principale: Prepare for retirement | Nel testo: Capire se risparmia abbastanza per la pensione e se gli investimenti attuali reggono | Aperto a una call con consulente | Patrimonio investito dichiarato: €165.000 | Esperienza di investimento: Experienced | Preoccupazione principale: ""Market risk close to retirement""",
FZ-0081,Alta,Verso la pensione,Revisione portafoglio,567.4,0.88,Call con consulente,"Check-up gratuito di allocazione, costi e concentrazione, poi referral consulente",media,Previdenza integrativa | Protezione famiglia e reddito,Interesse per gli investimenti: Yes | Obiettivo principale: Prepare for retirement | Nel testo: Stimare il gap pensionistico e il versamento mensile per colmarlo | Aperto a una call con consulente | Patrimonio investito dichiarato: €175.000 | Esperienza di investimento: Intermediate,reddito_mancante
FZ-0038,Alta,Acquisto casa in vista,Mutuo prima casa,567.0,0.75,Phone,Simulazione di sostenibilità e lead al broker mutui partner,alta,Conto deposito / risparmio remunerato | Protezione famiglia e reddito,Interesse per il mutuo: Yes | Obiettivo principale: Buy a home | Nel testo: Capire quanto mutuo può reggere senza svuotare i risparmi | Pianifica l'acquisto casa entro 12 mesi | La liquidità copre circa il 61% di anticipo e costi stimati | Mutuo sostenibile stimato: circa €162.000,
FZ-0055,Alta,Investitori evoluti,Revisione portafoglio,539.2,1.0,Phone,"Check-up gratuito di allocazione, costi e concentrazione, poi referral consulente",alta,Previdenza integrativa | Conto deposito / risparmio remunerato,"Interesse per gli investimenti: Yes | Obiettivo principale: Optimise investments | Nel testo: Una visione più ordinata del portafoglio e dei versamenti futuri | Patrimonio investito dichiarato: €170.000 | Esperienza di investimento: Experienced | Preoccupazione principale: ""Fees and tax efficiency""",
FZ-0045,Alta,Acquisto casa in vista,Mutuo prima casa,529.2,1.0,Email,Simulazione di sostenibilità e lead al broker mutui partner,media,Conto deposito / risparmio remunerato | Avvio investimenti (PAC/ETF),"Interesse per il mutuo: Yes | Obiettivo principale: Buy a home | Nel testo: In affitto, vuole la prima casa e non sa quanto tenere per l'anticipo | Pianifica l'acquisto casa entro 18 mesi | La liquidità (€49.000) copre già anticipo e costi stimati (€39.375) | Mutuo sostenibile stimato: circa €126.000",spese_casa_piu_risparmio_oltre_reddito
FZ-0096,Alta,Verso la pensione,Revisione portafoglio,521.6,1.0,WhatsApp,"Check-up gratuito di allocazione, costi e concentrazione, poi referral consulente",alta,Previdenza integrativa | Protezione famiglia e reddito,"Interesse per gli investimenti: Yes | Obiettivo principale: Optimise investments | Nel testo: Già investe con regolarità: vuole rivedere allocazione, costi e concentrazione | Evento che fa da trigger: Relationship change | Patrimonio investito dichiarato: €155.000 | Esperienza di investimento: Experienced | Preoccupazione principale: ""Fees and tax efficiency""",
FZ-0016,Alta,Acquisto casa in vista,Mutuo prima casa,504.0,0.45,Call con consulente,Simulazione di sostenibilità e lead al broker mutui partner,alta,Protezione famiglia e reddito | Conto deposito / risparmio remunerato,Interesse per il mutuo: Yes | Obiettivo principale: Buy a home | Nel testo: Capire quanto mutuo può reggere senza svuotare i risparmi | Aperto a una call con consulente | Pianifica l'acquisto casa entro 18 mesi | Anticipo ancora lontano: liquidità al 47% del necessario stimato | Mutuo sostenibile stimato: circa €240.000,
FZ-0105,Alta,Acquisto casa in vista,Mutuo prima casa,486.9,0.414,Email,Simulazione di sostenibilità e lead al broker mutui partner,alta,Protezione famiglia e reddito | Conto deposito / risparmio remunerato,Interesse per il mutuo: Yes | Obiettivo principale: Buy a home | Nel testo: Piano per comprare casa in 1-2 anni e confrontare i mutui | Pianifica l'acquisto casa entro 24 mesi | Anticipo ancora lontano: liquidità al 41% del necessario stimato | Mutuo sostenibile stimato: circa €252.000,
FZ-0040,Alta,Acquisto casa in vista,Mutuo prima casa,478.8,0.45,Call con consulente,Simulazione di sostenibilità e lead al broker mutui partner,alta,Conto deposito / risparmio remunerato | Protezione famiglia e reddito,Interesse per il mutuo: Yes | Obiettivo principale: Buy a home | Nel testo: Capire quanto mutuo può reggere senza svuotare i risparmi | Evento che fa da trigger: Moved city | Aperto a una call con consulente | Pianifica l'acquisto casa entro 18 mesi | Anticipo ancora lontano: liquidità al 36% del necessario stimato | Mutuo sostenibile stimato: circa €228.000,
FZ-0037,Alta,Acquisto casa in vista,Mutuo prima casa,471.2,0.85,Call con consulente,Simulazione di sostenibilità e lead al broker mutui partner,media,Conto deposito / risparmio remunerato | Protezione famiglia e reddito,Interesse per il mutuo: Yes | Obiettivo principale: Buy a home | Nel testo: Capire quanto mutuo può reggere senza svuotare i risparmi | Aperto a una call con consulente | Pianifica l'acquisto casa entro 18 mesi | La liquidità (€44.000) copre già anticipo e costi stimati (€41.250) | Contratto a tempo determinato: istruttoria bancaria più difficile | Mutuo sostenibile stimato: circa €132.000,reddito_mancante
FZ-0106,Media,Verso la pensione,Revisione portafoglio,444.6,0.88,Call con consulente,"Check-up gratuito di allocazione, costi e concentrazione, poi referral consulente",alta,Previdenza integrativa | Protezione famiglia e reddito,Interesse per gli investimenti: Yes | Obiettivo principale: Prepare for retirement | Nel testo: Pensione vicina: vuole una strategia chiara tra previdenza e investimenti | Aperto a una call con consulente | Patrimonio investito dichiarato: €165.000 | Esperienza di investimento: Intermediate,
FZ-0050,Media,Acquisto casa in vista,Mutuo prima casa,439.1,0.45,"WhatsApp (niente chiamate commerciali, chiesto nel testo)",Simulazione di sostenibilità e lead al broker mutui partner,alta,Conto deposito / risparmio remunerato | Previdenza integrativa,Interesse per il mutuo: Yes | Obiettivo principale: Buy a home | Nel testo: Piano per comprare casa in 1-2 anni e confrontare i mutui | Evento che fa da trigger: Moved city | Pianifica l'acquisto casa entro 18 mesi | Anticipo ancora lontano: liquidità al 38% del necessario stimato | Mutuo sostenibile stimato: circa €246.000,contatto:consenso_si_ma_chiede_no_chiamate
FZ-0100,Media,Investitori evoluti,Revisione portafoglio,432.0,1.0,WhatsApp,"Check-up gratuito di allocazione, costi e concentrazione, poi referral consulente",media,Previdenza integrativa | Protezione famiglia e reddito,"Interesse per gli investimenti: Yes | Obiettivo principale: Optimise investments | Nel testo: Una visione più ordinata del portafoglio e dei versamenti futuri | Patrimonio investito dichiarato: €180.000 | Esperienza di investimento: Experienced | Preoccupazione principale: ""Keeping my allocation disciplined""",fondo_emergenza_sovrastimato
FZ-0014,Media,Verso la pensione,Revisione portafoglio,413.4,0.991,Email,"Check-up gratuito di allocazione, costi e concentrazione, poi referral consulente",alta,Previdenza integrativa | Conto deposito / risparmio remunerato,"Interesse per gli investimenti: Yes | Obiettivo principale: Optimise investments | Nel testo: Già investe, vuole ottimizzare l'allocazione tra liquidità e investimenti | Evento che fa da trigger: Relationship change | Patrimonio investito dichiarato: €145.000 | Esperienza di investimento: Experienced | Preoccupazione principale: ""Portfolio concentration""",
FZ-0085,Media,Acquisto casa in vista,Mutuo prima casa,413.3,0.36,Call con consulente,Simulazione di sostenibilità e lead al broker mutui partner,alta,Conto deposito / risparmio remunerato | Protezione famiglia e reddito,"Interesse per il mutuo: Yes | Obiettivo principale: Buy a home | Nel testo: In affitto, vuole la prima casa e non sa quanto tenere per l'anticipo | Aperto a una call con consulente | Pianifica l'acquisto casa entro 36 mesi | Anticipo ancora lontano: liquidità al 39% del necessario stimato | Mutuo sostenibile stimato: circa €246.000",
FZ-0036,Media,Acquisto casa in vista,Mutuo prima casa,403.2,0.45,Email,Simulazione di sostenibilità e lead al broker mutui partner,alta,Protezione famiglia e reddito | Conto deposito / risparmio remunerato,Interesse per il mutuo: Yes | Obiettivo principale: Buy a home | Nel testo: Capire quanto mutuo può reggere senza svuotare i risparmi | Pianifica l'acquisto casa entro 18 mesi | Anticipo ancora lontano: liquidità al 28% del necessario stimato | Mutuo sostenibile stimato: circa €192.000,
FZ-0054,Media,Acquisto casa in vista,Mutuo prima casa,392.4,0.637,WhatsApp,Simulazione di sostenibilità e lead al broker mutui partner,alta,Protezione famiglia e reddito | Conto deposito / risparmio remunerato,Interesse per il mutuo: Yes | Obiettivo principale: Buy a home | Nel testo: Piano per comprare casa in 1-2 anni e confrontare i mutui | Evento che fa da trigger: Got married | Pianifica l'acquisto casa entro 18 mesi | La liquidità copre circa il 75% di anticipo e costi stimati | Contratto a tempo determinato: istruttoria bancaria più difficile | Mutuo sostenibile stimato: circa €132.000,
FZ-0002,Media,Liquidità da far lavorare,Avvio investimenti (PAC/ETF),360.0,1.0,WhatsApp,Percorso guidato di primo investimento con PAC mensile,alta,Conto deposito / risparmio remunerato | Previdenza integrativa,Interesse per gli investimenti: Yes | Obiettivo principale: Make savings work harder | Nel testo: Dividere la liquidità tra fondo emergenza e investimenti | Evento che fa da trigger: New job | Liquidità oltre il cuscinetto di sicurezza: circa €153.700 | Risparmia €1.200 al mese (25% del reddito) | Prima di investire conviene chiudere la carta di credito (€10.000) con parte della liquidità,
FZ-0069,Media,Liquidità da far lavorare,Avvio investimenti (PAC/ETF),360.0,1.0,Email,Percorso guidato di primo investimento con PAC mensile,alta,Conto deposito / risparmio remunerato | Previdenza integrativa,Interesse per gli investimenti: Yes | Obiettivo principale: Make savings work harder | Nel testo: Una strategia semplice per i risparmi invece di spostarli senza piano | Liquidità oltre il cuscinetto di sicurezza: circa €126.800 | Risparmia €1.300 al mese (37% del reddito),
FZ-0070,Media,Famiglie in crescita,Avvio investimenti (PAC/ETF),360.0,1.0,Email,Percorso guidato di primo investimento con PAC mensile,alta,Conto deposito / risparmio remunerato | Previdenza integrativa,Interesse per gli investimenti: Yes | Obiettivo principale: Make savings work harder | Nel testo: Ha molti risparmi ma rimanda le decisioni su come usarli | Liquidità oltre il cuscinetto di sicurezza: circa €100.200 | Risparmia €800 al mese (25% del reddito),
FZ-0118,Media,Liquidità da far lavorare,Avvio investimenti (PAC/ETF),360.0,1.0,WhatsApp,Percorso guidato di primo investimento con PAC mensile,alta,Conto deposito / risparmio remunerato | Previdenza integrativa,Interesse per gli investimenti: Yes | Obiettivo principale: Make savings work harder | Nel testo: Una strategia semplice per i risparmi invece di spostarli senza piano | Evento che fa da trigger: New job | Liquidità oltre il cuscinetto di sicurezza: circa €71.100 | Risparmia €1.600 al mese (34% del reddito),
FZ-0031,Media,Acquisto casa in vista,Mutuo prima casa,353.8,0.36,WhatsApp,Simulazione di sostenibilità e lead al broker mutui partner,media,Protezione famiglia e reddito | Conto deposito / risparmio remunerato,Interesse per il mutuo: Yes | Obiettivo principale: Buy a home | Nel testo: Capire quanto mutuo può reggere senza svuotare i risparmi | Pianifica l'acquisto casa entro 36 mesi | Anticipo ancora lontano: liquidità al 26% del necessario stimato | Mutuo sostenibile stimato: circa €234.000,data_survey_futura
FZ-0005,Media,Verso la pensione,Revisione portafoglio,350.8,0.944,WhatsApp,"Check-up gratuito di allocazione, costi e concentrazione, poi referral consulente",alta,Previdenza integrativa | Protezione famiglia e reddito,"Interesse per gli investimenti: Yes | Obiettivo principale: Prepare for retirement | Nel testo: Pensione vicina: vuole una strategia chiara tra previdenza e investimenti | Patrimonio investito dichiarato: €120.000 | Esperienza di investimento: Experienced | Preoccupazione principale: ""Market risk close to retirement""",
FZ-0092,Media,Freelance e reddito variabile,Avvio investimenti (PAC/ETF),349.9,0.972,Email,Percorso guidato di primo investimento con PAC mensile,alta,Conto deposito / risparmio remunerato | Previdenza integrativa,Interesse per gli investimenti: Yes | Obiettivo principale: Make savings work harder | Nel testo: Dividere la liquidità tra fondo emergenza e investimenti | Liquidità oltre il cuscinetto di sicurezza: circa €43.700 | Risparmia €700 al mese (16% del reddito),
FZ-0021,Media,Acquisto casa in vista,Mutuo prima casa,342.7,0.36,"Email (niente chiamate commerciali, chiesto nel testo)",Simulazione di sostenibilità e lead al broker mutui partner,alta,Conto deposito / risparmio remunerato | Protezione famiglia e reddito,Interesse per il mutuo: Yes | Obiettivo principale: Buy a home | Nel testo: Piano per comprare casa in 1-2 anni e confrontare i mutui | Pianifica l'acquisto casa entro 36 mesi | Anticipo ancora lontano: liquidità al 43% del necessario stimato | Mutuo sostenibile stimato: circa €240.000,contatto:consenso_si_ma_chiede_no_chiamate
FZ-0003,Media,Verso la pensione,Avvio investimenti (PAC/ETF),342.7,0.952,Phone,Percorso guidato di primo investimento con PAC mensile,alta,Previdenza integrativa | Conto deposito / risparmio remunerato,Interesse per gli investimenti: Yes | Obiettivo principale: Make savings work harder | Nel testo: Ha molti risparmi ma rimanda le decisioni su come usarli | Liquidità oltre il cuscinetto di sicurezza: circa €77.800 | Risparmia €700 al mese (14% del reddito),
FZ-0042,Media,Liquidità da far lavorare,Avvio investimenti (PAC/ETF),335.2,0.931,Email,Percorso guidato di primo investimento con PAC mensile,alta,Previdenza integrativa | Conto deposito / risparmio remunerato,Interesse per gli investimenti: Yes | Obiettivo principale: Make savings work harder | Nel testo: Una strategia semplice per i risparmi invece di spostarli senza piano | Evento che fa da trigger: Promotion | Liquidità oltre il cuscinetto di sicurezza: circa €45.200 | Risparmia €800 al mese (11% del reddito),
FZ-0113,Media,Freelance e reddito variabile,Avvio investimenti (PAC/ETF),335.2,0.931,Phone,Percorso guidato di primo investimento con PAC mensile,alta,Previdenza integrativa | Conto deposito / risparmio remunerato,Interesse per gli investimenti: Yes | Obiettivo principale: Make savings work harder | Nel testo: Ha molti risparmi ma rimanda le decisioni su come usarli | Liquidità oltre il cuscinetto di sicurezza: circa €66.400 | Risparmia €600 al mese (11% del reddito),
FZ-0033,Media,Freelance e reddito variabile,Avvio investimenti (PAC/ETF),329.0,0.914,Phone,Percorso guidato di primo investimento con PAC mensile,alta,Previdenza integrativa | Conto deposito / risparmio remunerato,Interesse per gli investimenti: Yes | Obiettivo principale: Make savings work harder | Nel testo: Dividere la liquidità tra fondo emergenza e investimenti | Liquidità oltre il cuscinetto di sicurezza: circa €106.400 | Risparmia €600 al mese (9% del reddito),
FZ-0094,Media,Verso la pensione,Revisione portafoglio,326.3,0.824,Call con consulente,"Check-up gratuito di allocazione, costi e concentrazione, poi referral consulente",media,Previdenza integrativa | Protezione famiglia e reddito,Interesse per gli investimenti: Yes | Obiettivo principale: Prepare for retirement | Nel testo: Pensione vicina: vuole una strategia chiara tra previdenza e investimenti | Aperto a una call con consulente | Patrimonio investito dichiarato: €120.000 | Esperienza di investimento: Experienced,orizzonte_casa_senza_piano
FZ-0119,Media,Liquidità da far lavorare,Avvio investimenti (PAC/ETF),312.5,0.868,WhatsApp,Percorso guidato di primo investimento con PAC mensile,alta,Conto deposito / risparmio remunerato | Previdenza integrativa,Interesse per gli investimenti: Maybe | Obiettivo principale: Build wealth | Nel testo: Risparmia ogni mese ma non ha un obiettivo oltre al cuscinetto | Evento che fa da trigger: New job | Liquidità oltre il cuscinetto di sicurezza: circa €62.800 | Risparmia €1.000 al mese (36% del reddito),
FZ-0077,Media,Liquidità da far lavorare,Avvio investimenti (PAC/ETF),300.7,0.928,Email,Percorso guidato di primo investimento con PAC mensile,media,Conto deposito / risparmio remunerato | Finanz Premium (piano e budget),Interesse per gli investimenti: Yes | Obiettivo principale: Build wealth | Nel testo: Risparmia ogni mese ma non ha un obiettivo oltre al cuscinetto | Liquidità oltre il cuscinetto di sicurezza: circa €46.000 | Risparmia €700 al mese (32% del reddito),reddito_mancante
FZ-0015,Media,Verso la pensione,Revisione portafoglio,290.9,0.804,Call con consulente,"Check-up gratuito di allocazione, costi e concentrazione, poi referral consulente",media,Previdenza integrativa | Avvio investimenti (PAC/ETF),"Interesse per gli investimenti: Yes | Obiettivo principale: Prepare for retirement | Nel testo: Capire se risparmia abbastanza per la pensione e se gli investimenti attuali reggono | Aperto a una call con consulente | Patrimonio investito dichiarato: €45.000 | Esperienza di investimento: Intermediate | Preoccupazione principale: ""Market risk close to retirement""",data_survey_futura
FZ-0022,Media,Liquidità da far lavorare,Avvio investimenti (PAC/ETF),288.9,1.0,Email,Percorso guidato di primo investimento con PAC mensile,alta,Protezione famiglia e reddito | Conto deposito / risparmio remunerato,Interesse per gli investimenti: Yes | Obiettivo principale: Start investing | Nel testo: Vuole un piano di investimento di lungo periodo e smettere di tenere tutto in liquidità | Liquidità oltre il cuscinetto di sicurezza: circa €27.600 | Risparmia €750 al mese (36% del reddito),
FZ-0068,Media,Verso la pensione,Revisione portafoglio,284.5,0.925,Call con consulente,"Check-up gratuito di allocazione, costi e concentrazione, poi referral consulente",alta,Previdenza integrativa | Protezione famiglia e reddito,"Interesse per gli investimenti: Yes | Obiettivo principale: Prepare for retirement | Nel testo: Stimare il gap pensionistico e il versamento mensile per colmarlo | Evento che fa da trigger: Relationship change | Aperto a una call con consulente | Patrimonio investito dichiarato: €110.000 | Esperienza di investimento: Intermediate | Preoccupazione principale: ""Market risk close to retirement""",
FZ-0018,Media,Verso la pensione,Revisione portafoglio,281.1,0.749,"WhatsApp (niente chiamate commerciali, chiesto nel testo)","Check-up gratuito di allocazione, costi e concentrazione, poi referral consulente",alta,Previdenza integrativa | Conto deposito / risparmio remunerato,Interesse per gli investimenti: Yes | Obiettivo principale: Prepare for retirement | Nel testo: Stimare il gap pensionistico e il versamento mensile per colmarlo | Patrimonio investito dichiarato: €80.000 | Esperienza di investimento: Experienced,contatto:consenso_si_ma_chiede_no_chiamate
FZ-0028,Media,Verso la pensione,Revisione portafoglio,279.5,0.721,Call con consulente,"Check-up gratuito di allocazione, costi e concentrazione, poi referral consulente",alta,Previdenza integrativa | Conto deposito / risparmio remunerato,Interesse per gli investimenti: Yes | Obiettivo principale: Prepare for retirement | Nel testo: Stimare il gap pensionistico e il versamento mensile per colmarlo | Aperto a una call con consulente | Patrimonio investito dichiarato: €65.000 | Esperienza di investimento: Intermediate,
FZ-0080,Media,Investitori evoluti,Revisione portafoglio,240.0,1.0,In-app (nessun consenso marketing),"Check-up gratuito di allocazione, costi e concentrazione, poi referral consulente",alta,Previdenza integrativa | Conto deposito / risparmio remunerato,"Interesse per gli investimenti: Yes | Obiettivo principale: Optimise investments | Nel testo: Già investe con regolarità: vuole rivedere allocazione, costi e concentrazione | Patrimonio investito dichiarato: €350.000 | Esperienza di investimento: Experienced | Preoccupazione principale: ""Fees and tax efficiency""",
FZ-0074,Media,Verso la pensione,Revisione portafoglio,232.0,0.703,Call con consulente,"Check-up gratuito di allocazione, costi e concentrazione, poi referral consulente",alta,Previdenza integrativa | Conto deposito / risparmio remunerato,Interesse per gli investimenti: Yes | Obiettivo principale: Prepare for retirement | Nel testo: Pensione vicina: vuole una strategia chiara tra previdenza e investimenti | Aperto a una call con consulente | Patrimonio investito dichiarato: €55.000 | Esperienza di investimento: Intermediate,
FZ-0048,Media,Verso la pensione,Avvio investimenti (PAC/ETF),230.4,0.64,WhatsApp,Percorso guidato di primo investimento con PAC mensile,alta,Previdenza integrativa | Conto deposito / risparmio remunerato,Interesse per gli investimenti: Yes | Liquidità oltre il cuscinetto di sicurezza: circa €72.800 | Risparmia €1.100 al mese (38% del reddito) | Prima di investire conviene chiudere la carta di credito (€7.000) con parte della liquidità,
FZ-0049,Media,Verso la pensione,Revisione portafoglio,223.1,1.0,In-app (nessun consenso marketing); può prenotare lui la call,"Check-up gratuito di allocazione, costi e concentrazione, poi referral consulente",alta,Previdenza integrativa | Conto deposito / risparmio remunerato,"Interesse per gli investimenti: Yes | Obiettivo principale: Prepare for retirement | Nel testo: Stimare il gap pensionistico e il versamento mensile per colmarlo | Evento che fa da trigger: Promotion | Aperto a una call con consulente | Patrimonio investito dichiarato: €210.000 | Esperienza di investimento: Intermediate | Preoccupazione principale: ""Market risk close to retirement""",
FZ-0110,Media,Freelance e reddito variabile,Avvio investimenti (PAC/ETF),222.1,0.617,Email,Percorso guidato di primo investimento con PAC mensile,alta,Conto deposito / risparmio remunerato | Previdenza integrativa,Interesse per gli investimenti: Yes | Liquidità oltre il cuscinetto di sicurezza: circa €42.600 | Risparmia €600 al mese (17% del reddito),
FZ-0009,Media,Liquidità da far lavorare,Avvio investimenti (PAC/ETF),209.7,1.0,WhatsApp,Percorso guidato di primo investimento con PAC mensile,alta,Protezione famiglia e reddito | Conto deposito / risparmio remunerato,"Interesse per gli investimenti: Yes | Obiettivo principale: Start investing | Nel testo: Liquidità ferma sul conto, vuole iniziare a investire senza rischi che non capisce | Evento che fa da trigger: New job | Liquidità oltre il cuscinetto di sicurezza: circa €20.000 | Risparmia €550 al mese (24% del reddito)",
FZ-0065,Media,Famiglie in crescita,Protezione famiglia e reddito,203.2,0.86,Email,Contenuto educativo sulla protezione + preventivo polizza partner,media,Avvio investimenti (PAC/ETF) | Previdenza integrativa,Interesse per le assicurazioni: Yes | Obiettivo principale: Protect family finances | Nel testo: Con i figli le finanze si sono complicate: vuole un piano familiare | Evento che fa da trigger: Had a child | 3 persone a carico | Fondo di emergenza dichiarato: 2 mesi,data_survey_futura
FZ-0078,Media,Famiglie in crescita,Protezione famiglia e reddito,203.2,0.86,WhatsApp,Contenuto educativo sulla protezione + preventivo polizza partner,media,Avvio investimenti (PAC/ETF) | Previdenza integrativa,Interesse per le assicurazioni: Yes | Obiettivo principale: Protect family finances | Nel testo: Con i figli le finanze si sono complicate: vuole un piano familiare | 3 persone a carico | Fondo di emergenza dichiarato: 2 mesi,dipendenti_pari_o_oltre_nucleo
FZ-0056,Media,Famiglie in crescita,Avvio investimenti (PAC/ETF),202.8,0.626,Phone,Percorso guidato di primo investimento con PAC mensile,media,Protezione famiglia e reddito | Previdenza integrativa,Interesse per gli investimenti: Yes | Liquidità oltre il cuscinetto di sicurezza: circa €38.600 | Risparmia €750 al mese (18% del reddito),reddito_mancante
FZ-0093,Bassa,Famiglie in crescita,Protezione famiglia e reddito,199.5,0.76,Call con consulente,Contenuto educativo sulla protezione + preventivo polizza partner,alta,Avvio investimenti (PAC/ETF) | Previdenza integrativa,"Interesse per le assicurazioni: Yes | Obiettivo principale: Protect family finances | Nel testo: Pianificare spese familiari, assicurazioni e risparmio senza strafare ogni mese | Aperto a una call con consulente | 3 persone a carico",
FZ-0026,Bassa,Famiglie in crescita,Protezione famiglia e reddito,199.5,0.76,Call con consulente,Contenuto educativo sulla protezione + preventivo polizza partner,alta,Avvio investimenti (PAC/ETF) | Previdenza integrativa,Interesse per le assicurazioni: Yes | Obiettivo principale: Protect family finances | Nel testo: Nuovo figlio: verificare che fondo emergenza e protezioni siano adeguati | Evento che fa da trigger: Had a child | Aperto a una call con consulente | 3 persone a carico,
FZ-0020,Bassa,Famiglie in crescita,Protezione famiglia e reddito,199.5,0.76,WhatsApp,Contenuto educativo sulla protezione + preventivo polizza partner,alta,Avvio investimenti (PAC/ETF) | Previdenza integrativa,Interesse per le assicurazioni: Yes | Obiettivo principale: Protect family finances | Nel testo: Con i figli le finanze si sono complicate: vuole un piano familiare | 3 persone a carico,
FZ-0116,Bassa,Freelance e reddito variabile,Avvio investimenti (PAC/ETF),189.0,0.58,Phone,Percorso guidato di primo investimento con PAC mensile,alta,Previdenza integrativa | Kit freelance (conto business + accantonamento tasse),Interesse per gli investimenti: Maybe | Evento che fa da trigger: Promotion | Liquidità oltre il cuscinetto di sicurezza: circa €31.100 | Risparmia €850 al mese (24% del reddito),
FZ-0062,Bassa,Famiglie in crescita,Protezione famiglia e reddito,179.6,0.76,WhatsApp,Contenuto educativo sulla protezione + preventivo polizza partner,media,Avvio investimenti (PAC/ETF) | Previdenza integrativa,"Interesse per le assicurazioni: Yes | Obiettivo principale: Protect family finances | Nel testo: Pianificare spese familiari, assicurazioni e risparmio senza strafare ogni mese | Evento che fa da trigger: Had a child | 3 persone a carico",dipendenti_pari_o_oltre_nucleo
FZ-0088,Bassa,Famiglie in crescita,Protezione famiglia e reddito,179.6,0.76,Phone,Contenuto educativo sulla protezione + preventivo polizza partner,media,Previdenza integrativa | Finanz Premium (piano e budget),"Interesse per le assicurazioni: Yes | Obiettivo principale: Protect family finances | Nel testo: Pianificare spese familiari, assicurazioni e risparmio senza strafare ogni mese | Evento che fa da trigger: Got married | 3 persone a carico",dipendenti_pari_o_oltre_nucleo
FZ-0059,Bassa,Liquidità da far lavorare,Avvio investimenti (PAC/ETF),174.4,0.945,Email,Percorso guidato di primo investimento con PAC mensile,alta,Protezione famiglia e reddito | Conto deposito / risparmio remunerato,Interesse per gli investimenti: Yes | Obiettivo principale: Start investing | Nel testo: Vuole un piano di investimento di lungo periodo e smettere di tenere tutto in liquidità | Liquidità oltre il cuscinetto di sicurezza: circa €15.400 | Risparmia €850 al mese (42% del reddito),
FZ-0032,Bassa,Famiglie in crescita,Protezione famiglia e reddito,171.0,0.76,Call con consulente,Contenuto educativo sulla protezione + preventivo polizza partner,alta,Avvio investimenti (PAC/ETF) | Previdenza integrativa,Interesse per le assicurazioni: Yes | Obiettivo principale: Protect family finances | Nel testo: Nuovo figlio: verificare che fondo emergenza e protezioni siano adeguati | Aperto a una call con consulente | 2 persone a carico,
FZ-0051,Bassa,Investitori evoluti,Revisione portafoglio,169.5,1.0,In-app (nessun consenso marketing),"Check-up gratuito di allocazione, costi e concentrazione, poi referral consulente",media,Previdenza integrativa | Protezione famiglia e reddito,"Interesse per gli investimenti: Yes | Obiettivo principale: Optimise investments | Nel testo: Già investe, vuole ottimizzare l'allocazione tra liquidità e investimenti | Patrimonio investito dichiarato: €165.000 | Esperienza di investimento: Experienced | Preoccupazione principale: ""Portfolio concentration""",data_survey_futura
FZ-0007,Bassa,Acquisto casa in vista,Mutuo prima casa,161.3,0.6,In-app (nessun consenso marketing); può prenotare lui la call,Simulazione di sostenibilità e lead al broker mutui partner,alta,Conto deposito / risparmio remunerato | Protezione famiglia e reddito,Interesse per il mutuo: Yes | Obiettivo principale: Buy a home | Nel testo: Piano per comprare casa in 1-2 anni e confrontare i mutui | Aperto a una call con consulente | Pianifica l'acquisto casa entro 36 mesi | La liquidità copre circa il 90% di anticipo e costi stimati | Mutuo sostenibile stimato: circa €192.000,
FZ-0047,Bassa,Famiglie in crescita,Protezione famiglia e reddito,161.2,0.86,Phone,Contenuto educativo sulla protezione + preventivo polizza partner,alta,Avvio investimenti (PAC/ETF) | Previdenza integrativa,"Interesse per le assicurazioni: Yes | Obiettivo principale: Protect family finances | Nel testo: Pianificare spese familiari, assicurazioni e risparmio senza strafare ogni mese | Evento che fa da trigger: Got married | 1 persone a carico | Fondo di emergenza dichiarato: 2 mesi",
FZ-0017,Bassa,Freelance e reddito variabile,Avvio investimenti (PAC/ETF),152.3,0.564,Email,Percorso guidato di primo investimento con PAC mensile,bassa,Conto deposito / risparmio remunerato | Previdenza integrativa,Interesse per gli investimenti: Yes | Liquidità oltre il cuscinetto di sicurezza: circa €38.600 | Risparmia €400 al mese (11% del reddito),reddito_mancante | orizzonte_casa_senza_piano | figlio_recente_senza_dipendenti
FZ-0104,Bassa,Verso la pensione,Revisione portafoglio,149.1,0.88,In-app (nessun consenso marketing); può prenotare lui la call,"Check-up gratuito di allocazione, costi e concentrazione, poi referral consulente",alta,Previdenza integrativa | Protezione famiglia e reddito,Interesse per gli investimenti: Yes | Obiettivo principale: Prepare for retirement | Nel testo: Stimare il gap pensionistico e il versamento mensile per colmarlo | Aperto a una call con consulente | Patrimonio investito dichiarato: €195.000 | Esperienza di investimento: Experienced,
FZ-0013,Bassa,Famiglie in crescita,Avvio investimenti (PAC/ETF),144.7,0.95,Email,Percorso guidato di primo investimento con PAC mensile,media,Protezione famiglia e reddito | Conto deposito / risparmio remunerato,Interesse per gli investimenti: Yes | Obiettivo principale: Start investing | Nel testo: Vuole un piano di investimento di lungo periodo e smettere di tenere tutto in liquidità | Liquidità oltre il cuscinetto di sicurezza: circa €15.800 | Risparmia €500 al mese (23% del reddito),reddito_mancante
FZ-0083,Bassa,Acquisto casa in vista,Mutuo prima casa,144.5,0.782,In-app (nessun consenso marketing); può prenotare lui la call,Simulazione di sostenibilità e lead al broker mutui partner,alta,Conto deposito / risparmio remunerato | Protezione famiglia e reddito,"Interesse per il mutuo: Yes | Obiettivo principale: Buy a home | Nel testo: In affitto, vuole la prima casa e non sa quanto tenere per l'anticipo | Aperto a una call con consulente | Pianifica l'acquisto casa entro 24 mesi | La liquidità (€44.000) copre già anticipo e costi stimati (€41.250) | Contratto a tempo determinato: istruttoria bancaria più difficile | Mutuo sostenibile stimato: circa €132.000",
FZ-0076,Bassa,Verso la pensione,Revisione portafoglio,142.8,0.88,In-app (nessun consenso marketing); può prenotare lui la call,"Check-up gratuito di allocazione, costi e concentrazione, poi referral consulente",alta,Previdenza integrativa | Conto deposito / risparmio remunerato,Interesse per gli investimenti: Yes | Obiettivo principale: Prepare for retirement | Nel testo: Stimare il gap pensionistico e il versamento mensile per colmarlo | Aperto a una call con consulente | Patrimonio investito dichiarato: €190.000 | Esperienza di investimento: Experienced,
FZ-0091,Bassa,Famiglie in crescita,Protezione famiglia e reddito,142.5,0.76,Call con consulente,Contenuto educativo sulla protezione + preventivo polizza partner,alta,Previdenza integrativa | Avvio investimenti (PAC/ETF),Interesse per le assicurazioni: Yes | Obiettivo principale: Protect family finances | Nel testo: Nuovo figlio: verificare che fondo emergenza e protezioni siano adeguati | Aperto a una call con consulente | 1 persone a carico,
FZ-0008,Bassa,Famiglie in crescita,Protezione famiglia e reddito,142.5,0.76,WhatsApp,Contenuto educativo sulla protezione + preventivo polizza partner,alta,Previdenza integrativa | Conto deposito / risparmio remunerato,Interesse per le assicurazioni: Yes | Obiettivo principale: Protect family finances | Nel testo: Con i figli le finanze si sono complicate: vuole un piano familiare | Evento che fa da trigger: Had a child | 1 persone a carico,
FZ-0012,Bassa,Acquisto casa in vista,Mutuo prima casa,120.0,0.68,In-app (nessun consenso marketing),Simulazione di sostenibilità e lead al broker mutui partner,alta,Conto deposito / risparmio remunerato | Protezione famiglia e reddito,"Interesse per il mutuo: Yes | Obiettivo principale: Buy a home | Nel testo: In affitto, vuole la prima casa e non sa quanto tenere per l'anticipo | Pianifica l'acquisto casa entro 36 mesi | La liquidità (€51.000) copre già anticipo e costi stimati (€39.375) | Contratto a tempo determinato: istruttoria bancaria più difficile | Mutuo sostenibile stimato: circa €126.000",
FZ-0064,Bassa,Freelance e reddito variabile,Avvio investimenti (PAC/ETF),115.4,0.58,"Email (niente chiamate commerciali, chiesto nel testo)",Percorso guidato di primo investimento con PAC mensile,alta,Previdenza integrativa | Kit freelance (conto business + accantonamento tasse),Interesse per gli investimenti: Maybe | Evento che fa da trigger: Promotion | Liquidità oltre il cuscinetto di sicurezza: circa €20.900 | Risparmia €850 al mese (20% del reddito),contatto:consenso_si_ma_chiede_no_chiamate
FZ-0107,Bassa,Freelance e reddito variabile,Previdenza integrativa,109.7,0.48,Phone,Calcolo del gap pensionistico e proposta di piano di contribuzione,alta,Kit freelance (conto business + accantonamento tasse) | Protezione famiglia e reddito,Interesse per la previdenza: Yes | Fascia d'età 35-44 | Autonomo o freelance: pensione pubblica tipicamente più bassa,
FZ-0043,Bassa,Liquidità da far lavorare,Avvio investimenti (PAC/ETF),99.7,0.923,In-app (nessun consenso marketing),Percorso guidato di primo investimento con PAC mensile,alta,Previdenza integrativa | Conto deposito / risparmio remunerato,Interesse per gli investimenti: Yes | Obiettivo principale: Make savings work harder | Nel testo: Una strategia semplice per i risparmi invece di spostarli senza piano | Liquidità oltre il cuscinetto di sicurezza: circa €128.700 | Risparmia €700 al mese (10% del reddito),
FZ-0046,Bassa,Famiglie in crescita,Avvio investimenti (PAC/ETF),92.1,0.821,"WhatsApp (niente chiamate commerciali, chiesto nel testo)",Percorso guidato di primo investimento con PAC mensile,media,Protezione famiglia e reddito | Previdenza integrativa,Interesse per gli investimenti: Yes | Obiettivo principale: Build wealth | Nel testo: Trasformare il risparmio regolare in un piano più consapevole | Liquidità oltre il cuscinetto di sicurezza: circa €11.200 | Risparmia €850 al mese (20% del reddito),data_survey_futura | contatto:consenso_si_ma_chiede_no_chiamate
FZ-0061,Bassa,Freelance e reddito variabile,Avvio investimenti (PAC/ETF),87.6,0.547,WhatsApp,Percorso guidato di primo investimento con PAC mensile,alta,Kit freelance (conto business + accantonamento tasse) | Previdenza integrativa,Interesse per gli investimenti: Yes | Liquidità oltre il cuscinetto di sicurezza: circa €14.500 | Risparmia €550 al mese (17% del reddito),
FZ-0087,Bassa,Altri risparmiatori,Avvio investimenti (PAC/ETF),73.8,0.82,WhatsApp,Percorso guidato di primo investimento con PAC mensile,alta,Conto deposito / risparmio remunerato | Finanz Premium (piano e budget),Interesse per gli investimenti: Yes | Obiettivo principale: Start investing | Nel testo: Vuole un PAC in ETF e capire quanto può investire in sicurezza | Liquidità oltre il cuscinetto di sicurezza: circa €5.000 | Risparmia €800 al mese (21% del reddito),
FZ-0086,Bassa,Primi passi,Avvio investimenti (PAC/ETF),71.2,0.791,Phone,Percorso guidato di primo investimento con PAC mensile,alta,Protezione famiglia e reddito | Finanz Premium (piano e budget),Interesse per gli investimenti: Yes | Obiettivo principale: Start investing | Nel testo: Vuole un PAC in ETF e capire quanto può investire in sicurezza | Risparmia €400 al mese (20% del reddito),
FZ-0084,Bassa,Altri risparmiatori,Avvio investimenti (PAC/ETF),70.0,0.823,Phone,Percorso guidato di primo investimento con PAC mensile,media,Protezione famiglia e reddito | Previdenza integrativa,"Interesse per gli investimenti: Yes | Obiettivo principale: Start investing | Nel testo: Liquidità ferma sul conto, vuole iniziare a investire senza rischi che non capisce | Liquidità oltre il cuscinetto di sicurezza: circa €7.500 | Risparmia €500 al mese (17% del reddito)",liquidita_mancante
FZ-0075,Bassa,Freelance e reddito variabile,Previdenza integrativa,69.5,0.4,Email,Calcolo del gap pensionistico e proposta di piano di contribuzione,alta,Kit freelance (conto business + accantonamento tasse) | Finanz Premium (piano e budget),Interesse per la previdenza: Yes | Fascia d'età 25-34 | Autonomo o freelance: pensione pubblica tipicamente più bassa,
FZ-0095,Bassa,Altri risparmiatori,Avvio investimenti (PAC/ETF),69.2,0.769,Email,Percorso guidato di primo investimento con PAC mensile,alta,Conto deposito / risparmio remunerato | Finanz Premium (piano e budget),"Interesse per gli investimenti: Yes | Obiettivo principale: Start investing | Nel testo: Liquidità ferma sul conto, vuole iniziare a investire senza rischi che non capisce | Risparmia €500 al mese (17% del reddito)",
FZ-0114,Bassa,Famiglie in crescita,Protezione famiglia e reddito,59.8,0.76,In-app (nessun consenso marketing),Contenuto educativo sulla protezione + preventivo polizza partner,alta,Previdenza integrativa | Finanz Premium (piano e budget),Interesse per le assicurazioni: Yes | Obiettivo principale: Protect family finances | Nel testo: Nuovo figlio: verificare che fondo emergenza e protezioni siano adeguati | Evento che fa da trigger: Had a child | 3 persone a carico,
FZ-0052,Bassa,Famiglie in crescita,Avvio investimenti (PAC/ETF),56.7,0.741,"Email (niente chiamate commerciali, chiesto nel testo)",Percorso guidato di primo investimento con PAC mensile,alta,Protezione famiglia e reddito | Conto deposito / risparmio remunerato,"Interesse per gli investimenti: Yes | Obiettivo principale: Start investing | Nel testo: Liquidità ferma sul conto, vuole iniziare a investire senza rischi che non capisce | Risparmia €650 al mese (18% del reddito)",contatto:consenso_si_ma_chiede_no_chiamate
FZ-0097,Bassa,Famiglie in crescita,Protezione famiglia e reddito,53.9,0.76,In-app (nessun consenso marketing),Contenuto educativo sulla protezione + preventivo polizza partner,media,Previdenza integrativa | Finanz Premium (piano e budget),"Interesse per le assicurazioni: Yes | Obiettivo principale: Protect family finances | Nel testo: Pianificare spese familiari, assicurazioni e risparmio senza strafare ogni mese | Evento che fa da trigger: Got married | 3 persone a carico",dipendenti_pari_o_oltre_nucleo
FZ-0079,Bassa,Altri risparmiatori,Avvio investimenti (PAC/ETF),53.9,0.665,WhatsApp,Percorso guidato di primo investimento con PAC mensile,media,Protezione famiglia e reddito | Conto deposito / risparmio remunerato,Interesse per gli investimenti: Yes | Obiettivo principale: Start investing | Nel testo: Vuole un PAC in ETF e capire quanto può investire in sicurezza | Evento che fa da trigger: Promotion | Risparmia €250 al mese (8% del reddito),liquidita_mancante
FZ-0019,Bassa,Sotto pressione finanziaria,Piano di rientro debiti,50.0,1.0,WhatsApp,"Piano di rientro con priorità per costo del debito, dentro Finanz Premium",alta,Finanz Premium (piano e budget),"Obiettivo principale: Reduce debt | Nel testo: Troppe rate ogni mese: vuole alleggerire la pressione prima di pensare a investire | Debito al consumo: €21.000 (65% del reddito annuo) | Più debiti aperti: Car loan, Credit card | Debito su carta di credito (il più caro) | Risparmio mensile nullo o negativo",
FZ-0053,Bassa,Primi passi,Finanz Premium (piano e budget),46.0,0.92,WhatsApp,Trial Premium con piano finanziario personalizzato,alta,Avvio investimenti (PAC/ETF),Obiettivo principale: Build emergency fund | Nel testo: Impostare un budget ora che ha il primo stipendio vero | Sicurezza nelle decisioni finanziarie bassa (1/5) | Evento di vita recente: Promotion | Chiede esplicitamente un piano o un budget,
FZ-0001,Bassa,Sotto pressione finanziaria,Finanz Premium (piano e budget),45.0,1.0,Email,Trial Premium con piano finanziario personalizzato,media,Piano di rientro debiti,Obiettivo principale: Build emergency fund | Nel testo: Impostare un budget ora che ha il primo stipendio vero | Evento che fa da trigger: Had a child | Sicurezza nelle decisioni finanziarie bassa (1/5) | Evento di vita recente: Had a child | Chiede esplicitamente un piano o un budget,figlio_recente_senza_dipendenti
FZ-0071,Bassa,Sotto pressione finanziaria,Finanz Premium (piano e budget),43.0,0.86,Phone,Trial Premium con piano finanziario personalizzato,alta,Piano di rientro debiti,Obiettivo principale: Build emergency fund | Nel testo: Impostare un budget ora che ha il primo stipendio vero | Evento che fa da trigger: Relationship change | Evento di vita recente: Relationship change | Chiede esplicitamente un piano o un budget,
FZ-0041,Bassa,Sotto pressione finanziaria,Piano di rientro debiti,43.0,0.86,WhatsApp,"Piano di rientro con priorità per costo del debito, dentro Finanz Premium",alta,Finanz Premium (piano e budget),Obiettivo principale: Reduce debt | Nel testo: Troppe rate ogni mese: vuole alleggerire la pressione prima di pensare a investire | Debito al consumo: €15.000 (69% del reddito annuo) | Risparmio mensile nullo o negativo,
FZ-0004,Bassa,Sotto pressione finanziaria,Piano di rientro debiti,43.0,0.86,Email,"Piano di rientro con priorità per costo del debito, dentro Finanz Premium",alta,Finanz Premium (piano e budget),Obiettivo principale: Reduce debt | Nel testo: Piano realistico per ripagare i debiti e ricostruire il cuscinetto | Debito al consumo: €18.000 (44% del reddito annuo) | Risparmio mensile nullo o negativo,
FZ-0039,Bassa,Sotto pressione finanziaria,Piano di rientro debiti,42.3,0.94,Email,"Piano di rientro con priorità per costo del debito, dentro Finanz Premium",media,Finanz Premium (piano e budget),"Obiettivo principale: Reduce debt | Nel testo: Rimettere sotto controllo le rate e capire quale debito chiudere prima | Debito al consumo: €15.000 (32% del reddito annuo) | Più debiti aperti: Credit card, Personal loan | Debito su carta di credito (il più caro)",reddito_mancante
FZ-0067,Bassa,Sotto pressione finanziaria,Piano di rientro debiti,42.3,0.94,WhatsApp,"Piano di rientro con priorità per costo del debito, dentro Finanz Premium",media,Finanz Premium (piano e budget),"Obiettivo principale: Reduce debt | Nel testo: Rimettere sotto controllo le rate e capire quale debito chiudere prima | Debito al consumo: €27.000 (107% del reddito annuo) | Più debiti aperti: Credit card, Personal loan | Debito su carta di credito (il più caro)",data_survey_futura
FZ-0082,Bassa,Freelance e reddito variabile,Previdenza integrativa,40.0,0.54,In-app (nessun consenso marketing); può prenotare lui la call,Calcolo del gap pensionistico e proposta di piano di contribuzione,media,Kit freelance (conto business + accantonamento tasse) | Protezione famiglia e reddito,Interesse per la previdenza: Yes | Aperto a una call con consulente | Fascia d'età 35-44 | Autonomo o freelance: pensione pubblica tipicamente più bassa,data_survey_futura
FZ-0115,Bassa,Sotto pressione finanziaria,Piano di rientro debiti,38.7,0.86,Email,"Piano di rientro con priorità per costo del debito, dentro Finanz Premium",media,Finanz Premium (piano e budget),Obiettivo principale: Reduce debt | Nel testo: Troppe rate ogni mese: vuole alleggerire la pressione prima di pensare a investire | Debito al consumo: €20.000 (43% del reddito annuo) | Risparmio mensile nullo o negativo,reddito_mancante
FZ-0034,Bassa,Primi passi,Finanz Premium (piano e budget),37.8,0.84,Email,Trial Premium con piano finanziario personalizzato,media,Protezione famiglia e reddito | Avvio investimenti (PAC/ETF),"Obiettivo principale: Build emergency fund | Nel testo: Prima costruire il fondo di emergenza, poi imparare a investire piccole somme | Evento che fa da trigger: Had a child | Sicurezza nelle decisioni finanziarie bassa (1/5) | Evento di vita recente: Had a child",figlio_recente_senza_dipendenti
FZ-0089,Bassa,Liquidità da far lavorare,Avvio investimenti (PAC/ETF),37.7,0.866,In-app (nessun consenso marketing),Percorso guidato di primo investimento con PAC mensile,media,Conto deposito / risparmio remunerato | Protezione famiglia e reddito,"Interesse per gli investimenti: Yes | Obiettivo principale: Start investing | Nel testo: Liquidità ferma sul conto, vuole iniziare a investire senza rischi che non capisce | Evento che fa da trigger: Promotion | Liquidità oltre il cuscinetto di sicurezza: circa €16.400 | Risparmia €250 al mese (9% del reddito)",data_survey_futura
FZ-0090,Bassa,Sotto pressione finanziaria,Piano di rientro debiti,35.5,0.789,Email,"Piano di rientro con priorità per costo del debito, dentro Finanz Premium",media,Finanz Premium (piano e budget),Obiettivo principale: Reduce debt | Nel testo: Troppe rate ogni mese: vuole alleggerire la pressione prima di pensare a investire | Debito al consumo: €11.000 (19% del reddito annuo) | Risparmio mensile nullo o negativo,reddito_mancante
FZ-0025,Bassa,Primi passi,Finanz Premium (piano e budget),31.5,0.7,Phone,Trial Premium con piano finanziario personalizzato,media,Protezione famiglia e reddito,"Obiettivo principale: Build emergency fund | Nel testo: Prima costruire il fondo di emergenza, poi imparare a investire piccole somme | Evento che fa da trigger: Had a child | Evento di vita recente: Had a child",figlio_recente_senza_dipendenti
FZ-0109,Bassa,Sotto pressione finanziaria,Piano di rientro debiti,31.0,0.811,"Email (niente chiamate commerciali, chiesto nel testo)","Piano di rientro con priorità per costo del debito, dentro Finanz Premium",media,Finanz Premium (piano e budget),Obiettivo principale: Reduce debt | Nel testo: Piano realistico per ripagare i debiti e ricostruire il cuscinetto | Debito al consumo: €7.000 (14% del reddito annuo) | Debito su carta di credito (il più caro) | Risparmio mensile nullo o negativo,reddito_mancante | contatto:consenso_si_ma_chiede_no_chiamate
FZ-0011,Bassa,Freelance e reddito variabile,Avvio investimenti (PAC/ETF),26.3,0.558,In-app (nessun consenso marketing),Percorso guidato di primo investimento con PAC mensile,media,Previdenza integrativa | Kit freelance (conto business + accantonamento tasse),Interesse per gli investimenti: Yes | Liquidità oltre il cuscinetto di sicurezza: circa €13.400 | Risparmia €1.000 al mese (20% del reddito),orizzonte_casa_senza_piano
FZ-0029,Bassa,Freelance e reddito variabile,Protezione famiglia e reddito,24.3,0.36,In-app (nessun consenso marketing); può prenotare lui la call,"Contenuto educativo sulla protezione, nessuna offerta diretta per ora",alta,Kit freelance (conto business + accantonamento tasse) | Finanz Premium (piano e budget),Evento che fa da trigger: Started freelancing | Aperto a una call con consulente | 2 persone a carico | Reddito non garantito (autonomo o stabilità bassa) | Bisogno latente: dice di non essere interessato alle assicurazioni,
FZ-0063,Bassa,Altri risparmiatori,Avvio investimenti (PAC/ETF),22.4,0.831,In-app (nessun consenso marketing),Percorso guidato di primo investimento con PAC mensile,alta,Previdenza integrativa | Protezione famiglia e reddito,Interesse per gli investimenti: Yes | Obiettivo principale: Start investing | Nel testo: Vuole un piano di investimento di lungo periodo e smettere di tenere tutto in liquidità | Liquidità oltre il cuscinetto di sicurezza: circa €5.900 | Risparmia €550 al mese (23% del reddito),
FZ-0030,Bassa,Altri risparmiatori,Avvio investimenti (PAC/ETF),21.0,0.837,In-app (nessun consenso marketing),Percorso guidato di primo investimento con PAC mensile,media,Previdenza integrativa | Conto deposito / risparmio remunerato,Interesse per gli investimenti: Yes | Obiettivo principale: Start investing | Nel testo: Vuole un PAC in ETF e capire quanto può investire in sicurezza | Liquidità oltre il cuscinetto di sicurezza: circa €6.450 | Risparmia €650 al mese (23% del reddito),liquidita_mancante
FZ-0102,Bassa,Altri risparmiatori,Avvio investimenti (PAC/ETF),19.3,0.796,In-app (nessun consenso marketing),Percorso guidato di primo investimento con PAC mensile,media,Previdenza integrativa | Protezione famiglia e reddito,Interesse per gli investimenti: Yes | Obiettivo principale: Start investing | Nel testo: Vuole un PAC in ETF e capire quanto può investire in sicurezza | Risparmia €800 al mese (24% del reddito),figlio_recente_senza_dipendenti
FZ-0044,Bassa,Primi passi,Protezione famiglia e reddito,19.1,0.34,In-app (nessun consenso marketing),"Contenuto educativo sulla protezione, nessuna offerta diretta per ora",alta,Finanz Premium (piano e budget) | Avvio investimenti (PAC/ETF),1 persone a carico | Fondo di emergenza dichiarato: 1 mesi | Reddito non garantito (autonomo o stabilità bassa) | Bisogno latente: dice di non essere interessato alle assicurazioni,
FZ-0024,Bassa,Altri risparmiatori,Avvio investimenti (PAC/ETF),18.6,0.767,In-app (nessun consenso marketing),Percorso guidato di primo investimento con PAC mensile,media,Protezione famiglia e reddito | Conto deposito / risparmio remunerato,Interesse per gli investimenti: Yes | Obiettivo principale: Start investing | Nel testo: Vuole un piano di investimento di lungo periodo e smettere di tenere tutto in liquidità | Liquidità oltre il cuscinetto di sicurezza: circa €5.400 | Risparmia €500 al mese (13% del reddito),reddito_mancante | data_survey_futura
FZ-0108,Bassa,Altri risparmiatori,Avvio investimenti (PAC/ETF),15.6,0.772,In-app (nessun consenso marketing),Percorso guidato di primo investimento con PAC mensile,bassa,Protezione famiglia e reddito | Conto deposito / risparmio remunerato,Interesse per gli investimenti: Yes | Obiettivo principale: Start investing | Nel testo: Vuole un piano di investimento di lungo periodo e smettere di tenere tutto in liquidità | Risparmia €650 al mese (17% del reddito),liquidita_mancante | figlio_recente_senza_dipendenti
FZ-0072,Bassa,Sotto pressione finanziaria,Piano di rientro debiti,13.8,0.92,In-app (nessun consenso marketing),"Piano di rientro con priorità per costo del debito, dentro Finanz Premium",alta,Finanz Premium (piano e budget),Obiettivo principale: Reduce debt | Nel testo: Rimettere sotto controllo le rate e capire quale debito chiudere prima | Debito al consumo: €18.000 (47% del reddito annuo) | Debito su carta di credito (il più caro) | Risparmio mensile nullo o negativo,
FZ-0101,Bassa,Sotto pressione finanziaria,Piano di rientro debiti,12.7,0.94,In-app (nessun consenso marketing),"Piano di rientro con priorità per costo del debito, dentro Finanz Premium",media,Finanz Premium (piano e budget),"Obiettivo principale: Reduce debt | Nel testo: Rimettere sotto controllo le rate e capire quale debito chiudere prima | Debito al consumo: €16.000 (42% del reddito annuo) | Più debiti aperti: Car loan, Credit card | Debito su carta di credito (il più caro)",data_survey_futura
FZ-0023,Bassa,Sotto pressione finanziaria,Piano di rientro debiti,12.6,0.93,In-app (nessun consenso marketing),"Piano di rientro con priorità per costo del debito, dentro Finanz Premium",media,Finanz Premium (piano e budget),"Obiettivo principale: Reduce debt | Nel testo: Piano realistico per ripagare i debiti e ricostruire il cuscinetto | Debito al consumo: €10.000 (19% del reddito annuo) | Più debiti aperti: Credit card, Personal loan | Debito su carta di credito (il più caro) | Risparmio mensile nullo o negativo",reddito_mancante | data_survey_futura
FZ-0035,Bassa,Sotto pressione finanziaria,Finanz Premium (piano e budget),11.2,1.0,In-app (nessun consenso marketing),Trial Premium con piano finanziario personalizzato,bassa,,Obiettivo principale: Build emergency fund | Nel testo: Impostare un budget ora che ha il primo stipendio vero | Evento che fa da trigger: New job | Sicurezza nelle decisioni finanziarie bassa (2/5) | Evento di vita recente: New job | Chiede esplicitamente un piano o un budget,orizzonte_casa_senza_piano | studente_con_contratto_full_time
